timestamp,open,high,low,close,volume,vwap,transactions
2012-12-31 05:00:00+00:00,2.7879,2.8721,2.7795,2.8468,78796219.8112,2.8285,52023
2013-01-02 05:00:00+00:00,2.8974,3.0041,2.8917,2.9971,94109681.0978,2.9519,70837
2013-01-03 05:00:00+00:00,2.9816,3.181,2.9732,3.0714,135826692.3195,3.089,90666
2013-01-04 05:00:00+00:00,3.0687,3.108,3.0349,3.0799,66628954.4025,3.0762,59369
2013-01-07 05:00:00+00:00,3.063,3.1136,3.0434,3.1051,91856931.9314,3.0937,67123
2013-01-08 05:00:00+00:00,3.108,3.1136,3.0069,3.0237,62376093.3461,3.0354,45917
2013-01-09 05:00:00+00:00,3.0602,3.0855,3.0322,3.0687,57316726.3679,3.0612,40218
2013-01-10 05:00:00+00:00,3.1023,3.1304,3.0462,3.0995,71186765.3816,3.0857,48930
2013-01-11 05:00:00+00:00,3.0883,3.0939,3.0209,3.0546,64715811.7969,3.0527,43967
2013-01-14 05:00:00+00:00,3.0574,3.6021,3.0237,3.4504,411903385.9874,3.4178,282238
2013-01-15 05:00:00+00:00,3.5712,3.7172,3.487,3.6975,551417213.3749,3.6027,343708
2013-01-16 05:00:00+00:00,3.5712,3.5934,3.5094,3.5403,271666727.2666,3.5457,169867
2013-01-17 05:00:00+00:00,3.5516,3.6302,3.5516,3.5993,157655099.3944,3.5992,107550
2013-01-18 05:00:00+00:00,3.6077,3.6456,3.5796,3.6049,186382221.9899,3.6116,114613
2013-01-22 05:00:00+00:00,3.6105,3.8183,3.6021,3.6835,231075315.9296,3.6753,153113
2013-01-23 05:00:00+00:00,3.7032,3.706,3.6498,3.6723,97622920.3391,3.6678,66247
2013-01-24 05:00:00+00:00,3.6779,3.6961,3.6313,3.6498,97446459.9919,3.6625,64189
2013-01-25 05:00:00+00:00,3.6807,3.7312,3.6638,3.6947,124375419.5239,3.698,73187
2013-01-28 05:00:00+00:00,3.6779,3.6919,3.6498,3.661,83868081.7006,3.6656,50561
2013-01-29 05:00:00+00:00,3.6554,3.7846,3.5936,3.7192,279928983.8239,3.6805,156746
2013-01-30 05:00:00+00:00,3.706,3.7607,3.6947,3.7537,97820017.9484,3.7353,64611
2013-01-31 05:00:00+00:00,3.7452,3.7733,3.706,3.7172,73643967.3434,3.733,52844
2013-02-01 05:00:00+00:00,3.9362,3.9783,3.7902,3.8267,204916609.9796,3.8511,134765
2013-02-04 05:00:00+00:00,3.8154,3.8154,3.661,3.7256,155924201.5531,3.7342,96249
2013-02-05 05:00:00+00:00,3.7509,3.7818,3.7425,3.7677,1020588354.0836,3.7611,195169
2013-02-06 05:00:00+00:00,3.7649,3.807,3.7593,3.7958,276673450.3481,3.7787,84932
2013-02-07 05:00:00+00:00,3.7874,3.8042,3.7733,3.7986,199611230.7349,3.7852,51537
2013-02-08 05:00:00+00:00,3.793,3.8379,3.7761,3.8267,202916444.6621,3.8004,63510
2013-02-11 05:00:00+00:00,3.8183,3.8491,3.793,3.8463,140684135.4041,3.8324,53151
2013-02-12 05:00:00+00:00,3.866,3.8857,3.8379,3.8716,119203965.2126,3.8663,53370
2013-02-13 05:00:00+00:00,3.866,3.9221,3.8548,3.866,131304521.0446,3.8849,60667
2013-02-14 05:00:00+00:00,3.8772,3.8899,3.8351,3.8491,98212008.3922,3.863,45120
2013-02-15 05:00:00+00:00,3.8463,3.8828,3.8407,3.8772,73169670.0548,3.8696,31577
2013-02-19 05:00:00+00:00,3.8688,3.8857,3.8323,3.8758,86437948.0125,3.8759,38011
2013-02-20 05:00:00+00:00,3.866,3.8997,3.8604,3.8828,98294489.7667,3.8812,50075
2013-02-21 05:00:00+00:00,3.866,3.8884,3.8604,3.88,65435394.738,3.8788,34899
2013-02-22 05:00:00+00:00,3.8857,3.9573,3.8744,3.9081,74680129.5929,3.9023,40797
2013-02-25 05:00:00+00:00,3.8968,3.9025,3.88,3.8884,57169469.4923,3.8882,34434
2013-02-26 05:00:00+00:00,3.8884,3.9277,3.8772,3.8968,83901662.6654,3.8891,33512
2013-02-27 05:00:00+00:00,3.8913,3.9193,3.8857,3.9081,59303061.0866,3.9081,24979
2013-02-28 05:00:00+00:00,3.9025,3.9221,3.8997,3.9165,63605303.4004,3.9116,22396
2013-03-01 05:00:00+00:00,3.9053,3.9334,3.8997,3.9306,46365196.5979,3.9235,26217
2013-03-04 05:00:00+00:00,3.9221,3.939,3.9165,3.9306,106651597.9456,3.9283,36513
2013-03-05 05:00:00+00:00,3.9334,3.9586,3.9306,3.9502,50972164.4389,3.9444,26736
2013-03-06 05:00:00+00:00,3.9362,4.0738,3.9165,4.0204,213050020.7779,3.9987,99840
2013-03-07 05:00:00+00:00,4.0204,4.0288,3.9783,3.9923,117398689.1677,4.0046,51527
2013-03-08 05:00:00+00:00,4.012,4.026,3.9671,3.9755,65659469.673,3.9905,37307
2013-03-11 04:00:00+00:00,4.0092,4.0457,3.9923,4.0344,99927415.8202,4.0202,51441
2013-03-12 04:00:00+00:00,4.0176,4.026,3.9909,4.0204,54730261.9126,4.0086,26787
2013-03-13 04:00:00+00:00,4.0232,4.0373,4.0092,4.0148,38742534.8906,4.0229,22040
2013-03-14 04:00:00+00:00,4.0106,4.012,3.9867,4.0035,38494314.2873,4.002,22826
2013-03-15 04:00:00+00:00,3.9839,4.0653,3.9559,4.0176,141521486.8024,3.988,53754
2013-03-18 04:00:00+00:00,3.9671,3.9937,3.953,3.9783,63173142.6001,3.9768,28102
2013-03-19 04:00:00+00:00,4.012,4.0288,3.9853,4.0176,56269924.9222,4.0062,34231
2013-03-20 04:00:00+00:00,4.0232,4.0373,4.0064,4.0232,35068521.6164,4.0182,21460
2013-03-21 04:00:00+00:00,4.0344,4.0429,3.9502,3.9699,132125737.338,3.989,45003
2013-03-22 04:00:00+00:00,3.9811,3.9839,3.9474,3.9699,76697569.8019,3.9678,27328
2013-03-25 04:00:00+00:00,4.0962,4.1102,4.0709,4.0738,192082067.1525,4.0885,85324
2013-03-26 04:00:00+00:00,4.0738,4.0934,4.0465,4.0695,80538825.3986,4.0807,34545
2013-03-27 04:00:00+00:00,4.0316,4.0513,4.0176,4.026,67496000.8054,4.0354,29283
2013-03-28 04:00:00+00:00,4.0148,4.0373,4.0008,4.0232,78876097.4854,4.0142,32479
2013-04-01 04:00:00+00:00,3.9895,4.0176,3.9839,4.0148,57288342.1181,4.0085,30129
2013-04-02 04:00:00+00:00,4.0148,4.0183,3.9839,4.0022,78798770.0839,3.9973,31149
2013-04-03 04:00:00+00:00,4.0035,4.0148,3.9895,3.9951,55971112.0384,3.9998,28603
2013-04-04 04:00:00+00:00,3.9951,4.0148,3.9923,4.0035,46659902.688,4.0025,20542
2013-04-05 04:00:00+00:00,3.9839,4.0008,3.9755,3.9923,65696580.4144,3.991,30334
2013-04-08 04:00:00+00:00,3.9839,3.9923,3.9783,3.9867,28266267.666,3.9842,12656
2013-04-09 04:00:00+00:00,3.9867,4.0008,3.9811,3.9839,45767980.4411,3.9905,18845
2013-04-10 04:00:00+00:00,3.9923,4.0064,3.9867,3.9895,61082011.6211,3.9981,26226
2013-04-11 04:00:00+00:00,3.9839,3.9839,3.939,3.9404,64812772.0241,3.9645,33192
2013-04-12 04:00:00+00:00,3.9558,3.9586,3.9081,3.9558,63024724.5671,3.9352,31964
2013-04-15 04:00:00+00:00,3.9362,3.9699,3.9334,3.9418,39011143.4276,3.9483,25150
2013-04-16 04:00:00+00:00,3.9558,3.9699,3.939,3.9418,33934996.6526,3.9496,18426
2013-04-17 04:00:00+00:00,3.9362,3.9446,3.9137,3.9221,54279241.2049,3.9293,30303
2013-04-18 04:00:00+00:00,3.9165,3.9544,3.9137,3.9165,52304215.3072,3.9317,25279
2013-04-19 04:00:00+00:00,3.7761,3.7939,3.7565,3.7621,335752233.4751,3.7772,103359
2013-04-22 04:00:00+00:00,3.7621,3.7677,3.706,3.7172,197965197.1349,3.731,66538
2013-04-23 04:00:00+00:00,3.7256,3.7312,3.6694,3.6736,183126895.1003,3.693,62147
2013-04-24 04:00:00+00:00,3.6835,3.7368,3.6807,3.7341,176806368.4229,3.7121,54023
2013-04-25 04:00:00+00:00,3.7341,3.7565,3.7284,3.7452,62931475.7704,3.7484,22402
2013-04-26 04:00:00+00:00,3.7425,3.7593,3.7425,3.7481,51958596.3716,3.7484,17160
2013-04-29 04:00:00+00:00,3.7593,3.7621,3.7425,3.7452,30511102.4389,3.7554,12739
2013-04-30 04:00:00+00:00,3.7508,3.7621,3.7425,3.7621,36382229.0429,3.7522,18683
2013-05-01 04:00:00+00:00,3.7537,3.7568,3.7368,3.7425,52665353.1506,3.7473,18823
2013-05-02 04:00:00+00:00,3.7425,3.7579,3.7368,3.7425,37724651.9696,3.7431,20339
2013-05-03 04:00:00+00:00,3.7396,3.7427,3.72,3.7368,54389544.0596,3.7344,22745
2013-05-06 04:00:00+00:00,3.7425,3.7509,3.7256,3.7312,29640975.0502,3.7384,13839
2013-05-07 04:00:00+00:00,3.7341,3.7425,3.7144,3.7228,58673385.9424,3.728,24889
2013-05-08 04:00:00+00:00,3.7284,3.7312,3.706,3.7144,48777612.0674,3.7164,22883
2013-05-09 04:00:00+00:00,3.7144,3.7396,3.7032,3.7396,47515401.6271,3.7235,16389
2013-05-10 04:00:00+00:00,3.7565,3.793,3.7537,3.7761,326646214.2195,3.7675,61447
2013-05-13 04:00:00+00:00,3.7733,3.7958,3.7607,3.7958,119281730.7196,3.7816,32233
2013-05-14 04:00:00+00:00,3.7846,3.793,3.7621,3.7818,120339274.6546,3.7788,40827
2013-05-15 04:00:00+00:00,3.7733,3.7874,3.7691,3.7761,44028462.9634,3.7773,20462
2013-05-16 04:00:00+00:00,3.7733,3.7761,3.7649,3.7705,48134177.5612,3.7697,19937
2013-05-17 04:00:00+00:00,3.7649,3.7761,3.7579,3.7621,57435891.0638,3.7663,21791
2013-05-20 04:00:00+00:00,3.7621,3.7719,3.7565,3.7649,38538267.3106,3.7653,15940
2013-05-21 04:00:00+00:00,3.7621,3.7705,3.7565,3.7593,42866742.5269,3.7615,13197
2013-05-22 04:00:00+00:00,3.7593,3.7691,3.7537,3.7537,45573946.0084,3.7607,16361
2013-05-23 04:00:00+00:00,3.7593,3.7677,3.7481,3.7481,31783713.4324,3.7564,11882
2013-05-24 04:00:00+00:00,3.7537,3.7607,3.7425,3.7452,57307454.9156,3.7506,15065
2013-05-28 04:00:00+00:00,3.7593,3.7621,3.7481,3.7509,26114036.9981,3.7535,13190
2013-05-29 04:00:00+00:00,3.7481,3.7621,3.7452,3.7509,35135619.4327,3.7553,12458
2013-05-30 04:00:00+00:00,3.7425,3.7565,3.7256,3.7256,84206683.8247,3.7417,19851
2013-05-31 04:00:00+00:00,3.7341,3.7818,3.7312,3.7494,99040672.479,3.7529,31806
2013-06-03 04:00:00+00:00,3.7509,3.779,3.7425,3.7761,38938517.646,3.7591,16989
2013-06-04 04:00:00+00:00,3.7705,3.7902,3.7621,3.7677,49544453.4131,3.78,19743
2013-06-05 04:00:00+00:00,3.7733,3.779,3.7565,3.7705,24607484.7911,3.7666,12316
2013-06-06 04:00:00+00:00,3.7677,3.7902,3.7621,3.7874,49251731.2642,3.7775,20036
2013-06-07 04:00:00+00:00,3.7958,3.7986,3.7776,3.7874,40794973.674,3.7899,19052
2013-06-10 04:00:00+00:00,3.779,3.7846,3.7621,3.7677,26780445.3292,3.7733,15393
2013-06-11 04:00:00+00:00,3.7621,3.7705,3.7509,3.7537,27746314.7978,3.7602,12648
2013-06-12 04:00:00+00:00,3.7593,3.7649,3.7509,3.7537,48759856.3282,3.7579,15586
2013-06-13 04:00:00+00:00,3.7565,3.8126,3.7509,3.7761,31120264.9846,3.7638,16849
2013-06-14 04:00:00+00:00,3.7677,3.7902,3.7565,3.7593,41427327.3166,3.7663,16691
2013-06-17 04:00:00+00:00,3.7649,3.7705,3.7593,3.7649,30077110.8563,3.7636,18001
2013-06-18 04:00:00+00:00,3.7649,3.8576,3.7621,3.7846,352572168.6083,3.7915,36770
2013-06-19 04:00:00+00:00,3.7818,3.7846,3.7621,3.7649,48820115.4244,3.7733,19963
2013-06-20 04:00:00+00:00,3.7565,3.7624,3.7425,3.7523,61174519.5566,3.7527,29315
2013-06-21 04:00:00+00:00,3.7565,3.7565,3.7396,3.7481,81781175.0561,3.7499,27367
2013-06-24 04:00:00+00:00,3.7509,3.7537,3.7284,3.7452,37809227.7022,3.7418,20451
2013-06-25 04:00:00+00:00,3.7593,3.7761,3.7509,3.7705,36377196.1724,3.7685,22555
2013-06-26 04:00:00+00:00,3.7733,3.7846,3.7565,3.779,41715055.7752,3.7741,18859
2013-06-27 04:00:00+00:00,3.7565,3.7733,3.7452,3.7452,30285730.9965,3.7608,15172
2013-06-28 04:00:00+00:00,3.7425,3.7621,3.7396,3.741,60054974.7886,3.7493,19098
2013-07-01 04:00:00+00:00,3.7537,3.7593,3.7341,3.7368,71137483.8556,3.7455,21036
2013-07-02 04:00:00+00:00,3.7396,3.7593,3.7368,3.7565,78212150.3812,3.7495,30347
2013-07-03 04:00:00+00:00,3.7368,3.7537,3.7312,3.7368,97358878.0721,3.7416,30019
2013-07-05 04:00:00+00:00,3.72,3.72,3.5656,3.6583,188813390.5117,3.6425,80064
2013-07-08 04:00:00+00:00,3.7509,3.7733,3.7284,3.7719,178135751.4779,3.758,44375
2013-07-09 04:00:00+00:00,3.7705,3.7846,3.7494,3.7509,95740715.8178,3.765,32210
2013-07-10 04:00:00+00:00,3.7621,3.7621,3.7425,3.7425,110691140.8039,3.7514,38742
2013-07-11 04:00:00+00:00,3.7509,3.779,3.7452,3.7467,85611367.5982,3.7613,28984
2013-07-12 04:00:00+00:00,3.7537,3.7593,3.7284,3.7396,71772291.6015,3.7404,30247
2013-07-15 04:00:00+00:00,3.7312,3.7341,3.6891,3.6908,65416399.4809,3.7092,26908
2013-07-16 04:00:00+00:00,3.7032,3.7032,3.6274,3.6554,222267821.0491,3.6528,74434
2013-07-17 04:00:00+00:00,3.5936,3.647,3.5796,3.6161,185143843.7764,3.6061,75781
2013-07-18 04:00:00+00:00,3.6835,3.7116,3.6694,3.6835,151620477.5167,3.692,50738
2013-07-19 04:00:00+00:00,3.6947,3.6975,3.6456,3.6891,123690047.9921,3.6759,43457
2013-07-22 04:00:00+00:00,3.6414,3.6835,3.6358,3.6554,129926294.5691,3.6585,45758
2013-07-23 04:00:00+00:00,3.661,3.6638,3.6077,3.6161,76996795.8585,3.6341,33878
2013-07-24 04:00:00+00:00,3.6021,3.72,3.5544,3.626,337201098.2294,3.6388,124260
2013-07-25 04:00:00+00:00,3.6077,3.647,3.6049,3.6442,54756434.2639,3.6316,24769
2013-07-26 04:00:00+00:00,3.6358,3.6414,3.6217,3.6329,40504531.0984,3.6291,20940
2013-07-29 04:00:00+00:00,3.6217,3.6358,3.5684,3.6133,75057292.1246,3.5927,28325
2013-07-30 04:00:00+00:00,3.6189,3.6274,3.5993,3.6105,38869371.7755,3.6137,23022
2013-07-31 04:00:00+00:00,3.5544,3.6442,3.4477,3.5544,214539896.4811,3.521,80161
2013-08-01 04:00:00+00:00,3.6077,3.661,3.5768,3.6372,144936408.7582,3.6265,70597
2013-08-02 04:00:00+00:00,3.821,3.8407,3.8028,3.8407,387357855.7252,3.823,83630
2013-08-05 04:00:00+00:00,3.8351,3.8407,3.8323,3.8407,43236076.149,3.8373,16894
2013-08-06 04:00:00+00:00,3.8379,3.8576,3.8351,3.8548,83557286.8095,3.8496,23793
2013-08-07 04:00:00+00:00,3.8491,3.8575,3.8435,3.8491,54188168.6884,3.8506,18526
2013-08-08 04:00:00+00:00,3.8491,3.8604,3.8488,3.8604,47200692.2812,3.8556,17296
2013-08-09 04:00:00+00:00,3.8548,3.8604,3.8491,3.8576,50107746.6691,3.854,16830
2013-08-12 04:00:00+00:00,3.8519,3.8604,3.8491,3.8548,28768233.2759,3.8539,11798
2013-08-13 04:00:00+00:00,3.8519,3.8604,3.8491,3.8519,27985552.4573,3.8544,11550
2013-08-14 04:00:00+00:00,3.8534,3.8576,3.8491,3.8519,29525739.0563,3.8536,13062
2013-08-15 04:00:00+00:00,3.8548,3.8548,3.7958,3.8477,49331975.8073,3.8468,19800
2013-08-16 04:00:00+00:00,3.8463,3.8884,3.8435,3.88,103770498.6371,3.8689,29886
2013-08-19 04:00:00+00:00,3.8744,3.8828,3.8674,3.8716,47788547.94,3.8733,19547
2013-08-20 04:00:00+00:00,3.8688,3.8744,3.8632,3.8632,36229291.0432,3.8678,16716
2013-08-21 04:00:00+00:00,3.866,3.8744,3.866,3.8716,18907963.7554,3.8693,10122
2013-08-22 04:00:00+00:00,3.8688,3.8744,3.8688,3.873,15875069.7956,3.8725,9315
2013-08-23 04:00:00+00:00,3.8716,3.8786,3.8688,3.8772,26434687.482,3.874,11266
2013-08-26 04:00:00+00:00,3.8744,3.88,3.8716,3.8744,20267234.1539,3.8752,8281
2013-08-27 04:00:00+00:00,3.8716,3.8772,3.866,3.8674,55979585.6399,3.8723,17138
2013-08-28 04:00:00+00:00,3.8688,3.8744,3.8688,3.8688,85972769.0174,3.8725,15842
2013-08-29 04:00:00+00:00,3.8744,3.8744,3.8604,3.8604,113162123.4986,3.8683,24638
2013-08-30 04:00:00+00:00,3.8632,3.8716,3.8604,3.866,22020243.8564,3.8651,9393
2013-09-03 04:00:00+00:00,3.8716,3.8744,3.8632,3.866,36981607.2326,3.8669,19433
2013-09-04 04:00:00+00:00,3.8674,3.88,3.8632,3.8772,52424234.8432,3.8741,22936
2013-09-05 04:00:00+00:00,3.8772,3.8857,3.8744,3.8815,36635347.1669,3.8808,12375
2013-09-06 04:00:00+00:00,3.8828,3.8857,3.8772,3.8857,32067584.4254,3.8827,9597
2013-09-09 04:00:00+00:00,3.88,3.8913,3.88,3.8857,68300063.3093,3.8864,16840
2013-09-10 04:00:00+00:00,3.8884,3.8913,3.8857,3.8884,78301940.6377,3.8888,14619
2013-09-11 04:00:00+00:00,3.8913,3.8941,3.8744,3.8884,70057877.925,3.8884,22588
2013-09-12 04:00:00+00:00,3.8884,3.8955,3.8828,3.8884,315746790.5096,3.8896,19724
2013-09-13 04:00:00+00:00,3.8857,3.8913,3.8857,3.8884,36957707.3309,3.8878,12192
2013-09-16 04:00:00+00:00,3.8913,3.8913,3.8884,3.8884,57690159.66,3.8894,11010
2013-09-17 04:00:00+00:00,3.8913,3.8941,3.8884,3.8884,53800801.5044,3.8896,12287
2013-09-18 04:00:00+00:00,3.8913,3.8941,3.8884,3.8926,38283671.0258,3.8919,11182
2013-09-19 04:00:00+00:00,3.8941,3.8941,3.8913,3.8926,22087680.0469,3.8929,11743
2013-09-20 04:00:00+00:00,3.8941,3.9025,3.8913,3.8968,54668848.7824,3.8967,16149
2013-09-23 04:00:00+00:00,3.8941,3.8968,3.8941,3.8955,19893223.8446,3.8945,7177
2013-09-24 04:00:00+00:00,3.8941,3.8968,3.8941,3.8955,37649507.9719,3.8959,6430
2013-09-25 04:00:00+00:00,3.8968,3.8968,3.8913,3.8913,42135715.4156,3.8936,13439
2013-09-26 04:00:00+00:00,3.8913,3.8941,3.8913,3.8913,58628977.0046,3.8921,10638
2013-09-27 04:00:00+00:00,3.8716,3.8744,3.866,3.8688,56375173.5353,3.8683,10006
2013-09-30 04:00:00+00:00,3.866,3.8688,3.8604,3.8606,57760733.8256,3.8637,18581
2013-10-01 04:00:00+00:00,3.88,3.8857,3.8772,3.8857,103894657.0234,3.8792,14333
2013-10-02 04:00:00+00:00,3.8828,3.8857,3.8828,3.8828,23415374.7929,3.8838,9003
2013-10-03 04:00:00+00:00,3.8828,3.8884,3.8828,3.8828,44125822.1156,3.8847,7739
2013-10-04 04:00:00+00:00,3.8857,3.8857,3.8828,3.8857,32472105.3989,3.8849,6246
2013-10-07 04:00:00+00:00,3.8857,3.887,3.8828,3.8857,44728929.5449,3.8843,6520
2013-10-08 04:00:00+00:00,3.8857,3.8884,3.8828,3.8828,53515698.117,3.8846,9202
2013-10-09 04:00:00+00:00,3.8842,3.8857,3.8828,3.8828,39064674.2209,3.8823,8828
2013-10-10 04:00:00+00:00,3.8842,3.8857,3.8828,3.8842,27924331.6661,3.8847,8248
2013-10-11 04:00:00+00:00,3.8857,3.8884,3.8828,3.887,23780227.6286,3.8867,6341
2013-10-14 04:00:00+00:00,3.8884,3.8884,3.8857,3.887,17213827.596,3.8866,4813
2013-10-15 04:00:00+00:00,3.887,3.8884,3.8828,3.8828,24872649.0356,3.8859,8722
2013-10-16 04:00:00+00:00,3.8857,3.8884,3.8857,3.8882,20729496.0075,3.887,7288
2013-10-17 04:00:00+00:00,3.8884,3.8884,3.8857,3.8884,12156508.6721,3.8873,4974
2013-10-18 04:00:00+00:00,3.8884,3.9025,3.8828,3.8828,38669289.3499,3.8884,8607
2013-10-21 04:00:00+00:00,3.8884,3.8913,3.8857,3.8884,17331104.5204,3.8875,8635
2013-10-22 04:00:00+00:00,3.8884,3.8884,3.8857,3.887,23691990.3314,3.8866,6062
2013-10-23 04:00:00+00:00,3.8884,3.8884,3.8857,3.8857,23635930.6365,3.8864,7475
2013-10-24 04:00:00+00:00,3.8884,3.8884,3.8857,3.8884,32417402.7626,3.8871,7726
2013-10-25 04:00:00+00:00,3.8857,3.8884,3.8857,3.8857,36519014.1284,3.8873,5222
2013-10-28 04:00:00+00:00,3.8857,3.8884,3.88,3.8828,464905446.3667,3.8813,16469
2013-10-29 04:00:00+00:00,3.887,3.8941,3.8828,3.8913,234083597.6209,3.8912,28279
2018-12-28 05:00:00+00:00,23.3239,23.5775,22.7003,23.0349,8877751.25,22.9888,16041
2018-12-31 05:00:00+00:00,23.0704,24.7792,23.0704,24.7792,11476177.6944,23.9536,31006
2019-01-02 05:00:00+00:00,24.4546,24.8958,23.3544,23.8918,12048197.0833,24.046,36529
2019-01-03 05:00:00+00:00,23.6079,23.831,22.7054,22.8828,13613478.8611,22.9833,28137
2019-01-04 05:00:00+00:00,23.1515,23.8107,22.7459,23.3341,17566532.0556,23.3579,34434
2019-01-07 05:00:00+00:00,23.2885,24.0237,23.0856,23.4862,9715231.75,23.4978,29281
2019-01-08 05:00:00+00:00,23.902,24.2468,23.5217,23.7651,14370922.6389,23.8295,27922
2019-01-09 05:00:00+00:00,23.8665,24.0287,23.7194,23.8006,6507716.0278,23.8516,12722
2019-01-10 05:00:00+00:00,23.8006,24.0287,22.7662,22.9132,7028690.3611,23.0331,17860
2019-01-11 05:00:00+00:00,22.7915,23.182,22.5127,22.5482,5325076.9167,22.6974,15270
2019-01-14 05:00:00+00:00,22.3454,22.4366,21.6811,21.7014,7230148.9167,21.8292,16837
2019-01-15 05:00:00+00:00,21.8282,22.1577,21.5392,21.8079,5580446.1667,21.8256,17687
2019-01-16 05:00:00+00:00,21.7014,21.9108,21.3059,21.6101,4848087.0833,21.6471,13099
2019-01-17 05:00:00+00:00,21.6558,22.1679,21.5848,22.1628,6986790.5,22.0587,13780
2019-01-18 05:00:00+00:00,22.1983,22.2034,21.8586,21.9803,6422843.4167,22.0583,17926
2019-01-22 05:00:00+00:00,22.249,22.6394,21.96,22.3403,6253971.8889,22.2797,10625
2019-01-23 05:00:00+00:00,22.9082,23.2682,22.5228,22.6242,6216182.1389,22.7643,16671
2019-01-24 05:00:00+00:00,22.7713,22.8879,22.4163,22.7966,7005840.1944,22.6782,12703
2019-01-25 05:00:00+00:00,22.9335,23.3239,22.9285,23.2783,5164064.6944,23.1603,15602
2019-01-28 05:00:00+00:00,23.2732,24.0262,23.1313,23.7803,11737234.8333,23.6833,27454
2019-01-29 05:00:00+00:00,23.8817,23.9983,23.5775,23.7549,7018876.5833,23.7811,20460
2019-01-30 05:00:00+00:00,24.0085,24.338,23.9121,24.338,7853106.8611,24.2028,16382
2019-01-31 05:00:00+00:00,24.2518,25.0986,24.191,24.6372,7379033.9444,24.7251,17847
2019-02-01 05:00:00+00:00,24.8349,25.2254,24.5915,25.1746,3582172.8611,24.9389,12421
2019-02-04 05:00:00+00:00,25.3572,26.2699,25.3572,25.773,6292491.3611,25.8503,18634
2019-02-05 05:00:00+00:00,25.9961,26.1634,25.6766,25.8946,5433249.3611,25.946,18110
2019-02-06 05:00:00+00:00,25.9352,26.3206,25.778,25.8287,5594060.4167,25.9672,13284
2019-02-07 05:00:00+00:00,25.6563,25.7628,25.2406,25.5752,3515624.1667,25.4856,11099
2019-02-08 05:00:00+00:00,25.3775,26.1583,25.1746,26.1076,3538235.6944,25.9751,10366
2019-02-11 05:00:00+00:00,26.3003,26.4017,25.8845,26.3763,5364748.1667,26.2562,10897
2019-02-12 05:00:00+00:00,26.5792,27.2738,26.4727,27.1775,6664330.1944,27.0488,17112
2019-02-13 05:00:00+00:00,27.3296,27.6946,27.0659,27.3549,3503039.4167,27.3862,12904
2019-02-14 05:00:00+00:00,27.218,27.6794,27.1369,27.573,5126166.4722,27.5629,10175
2019-02-15 05:00:00+00:00,27.7808,28.3386,27.3803,27.8873,4527969.7778,27.7872,14610
2019-02-19 05:00:00+00:00,27.933,28.1303,27.6592,27.9076,2480315.9722,27.9155,9859
2019-02-20 05:00:00+00:00,28.0242,28.293,27.6997,28.1611,2726011.4722,28.0217,12598
2019-02-21 05:00:00+00:00,28.1713,28.4349,28.0293,28.1611,3832765.3889,28.1887,11923
2019-02-22 05:00:00+00:00,28.3082,28.4856,28.1662,28.4856,3643443.8889,28.3321,14818
2019-02-25 05:00:00+00:00,28.6276,28.8558,28.5515,28.7189,4610528.9722,28.7088,12210
2019-02-26 05:00:00+00:00,28.5465,28.9572,28.2017,28.7645,4618603.25,28.7348,13265
2019-02-27 05:00:00+00:00,28.6682,28.8,28.4907,28.5211,3334986.3611,28.6163,12326
2019-02-28 05:00:00+00:00,28.4958,28.6466,27.9735,28.3031,8149705.4167,28.3664,22003
2019-03-01 05:00:00+00:00,29.2462,29.9104,28.4907,28.7239,6932893.6111,29.0449,24380
2019-03-04 05:00:00+00:00,28.9369,28.9724,27.6338,28.0597,5874559.7222,28.097,18833
2019-03-05 05:00:00+00:00,28.0141,28.3132,27.6135,27.9482,5500859.1111,28.0122,15600
2019-03-06 05:00:00+00:00,27.7961,27.7961,26.7972,27.2434,4961093.4444,27.1633,16414
2019-03-07 05:00:00+00:00,27.1876,27.5882,26.782,26.9392,3651082.3056,27.1195,11883
2019-03-08 05:00:00+00:00,26.6603,26.7668,26.1538,26.5437,3775338.2222,26.5484,13563
2019-03-11 04:00:00+00:00,26.569,27.4969,26.498,27.4563,3516243.4444,27.2587,12760
2019-03-12 04:00:00+00:00,27.502,28.1155,27.4721,27.7352,4894043.8056,27.8286,14720
2019-03-13 04:00:00+00:00,27.9634,28.1713,27.7656,27.862,4082610.4444,27.938,12416
2019-03-14 04:00:00+00:00,28.3944,29.4085,28.2372,28.9927,7630825.5833,29.019,24921
2019-03-15 04:00:00+00:00,29.373,30.5594,29.3577,30.5392,11234752.0556,30.2304,26506
2019-03-18 04:00:00+00:00,30.6,31.0107,30.2907,30.671,5254784.9444,30.6637,16450
2019-03-19 04:00:00+00:00,30.9296,31.0208,30.5848,30.6456,3980518.3611,30.6709,13188
2019-03-20 04:00:00+00:00,30.6152,30.8079,30.0423,30.2349,5129233.2778,30.307,14406
2019-03-21 04:00:00+00:00,30.1639,30.8966,30.1184,30.7825,3256058.0278,30.7312,11497
2019-03-22 04:00:00+00:00,30.3718,31.0158,30.1741,30.1944,2969478.3611,30.4066,11437
2019-03-25 04:00:00+00:00,30.169,30.169,28.9623,29.0485,3708440.4444,29.2376,14926
2019-03-26 04:00:00+00:00,29.3679,29.9054,29.0928,29.8597,3536756.5278,29.5721,16561
2019-03-27 04:00:00+00:00,29.9206,30.3668,29.119,29.1752,3627670.0556,29.2972,12789
2019-03-28 04:00:00+00:00,29.1346,29.3527,28.7296,28.8608,3402298.3056,28.9716,11621
2019-03-29 04:00:00+00:00,29.013,29.809,28.9775,29.7583,3745946.1944,29.5301,12274
2019-04-01 04:00:00+00:00,30.311,30.6456,30.1792,30.6406,3522560.4722,30.4732,12432
2019-04-02 04:00:00+00:00,30.529,31.0868,30.2907,31.0665,4645985.5833,30.7718,13171
2019-04-03 04:00:00+00:00,31.0614,31.2592,30.7521,31.2287,4142394.4167,31.0408,13618
2019-04-04 04:00:00+00:00,31.1932,31.2287,30.027,30.5949,4260589.6944,30.5226,16546
2019-04-05 04:00:00+00:00,30.6456,31.6344,30.6456,31.538,4348075.5,31.3648,13113
2019-04-08 04:00:00+00:00,31.5177,31.7713,31.1628,31.6851,2636600.7778,31.5869,9286
2019-04-09 04:00:00+00:00,31.5837,31.6394,31.0868,31.2997,2529962.7222,31.346,8978
2019-04-10 04:00:00+00:00,31.3251,32.2631,31.3048,32.0907,3310286.25,31.9595,12604
2019-04-11 04:00:00+00:00,32.182,32.3848,31.822,32.3797,3841628.5556,32.2698,10954
2019-04-12 04:00:00+00:00,32.471,32.7448,32.0313,32.2023,2377786.0556,32.3039,10690
2019-04-15 04:00:00+00:00,32.2479,32.433,31.9792,32.3899,2290260.8056,32.3092,9954
2019-04-16 04:00:00+00:00,32.6332,32.6789,31.7814,31.8372,2220732.0833,32.0834,9753
2019-04-17 04:00:00+00:00,31.9994,32.1959,31.6952,31.8169,2038834.0278,31.8536,8734
2019-04-18 04:00:00+00:00,31.8118,31.9386,31.3961,31.8676,2066443.1667,31.773,8496
2019-04-22 04:00:00+00:00,31.8321,32.0704,31.7021,32.0704,2131889.3889,31.9584,6520
2019-04-23 04:00:00+00:00,32.0552,33.0794,31.9893,32.9577,3038230.0278,32.7506,10733
2019-04-24 04:00:00+00:00,32.9476,33.693,32.8361,33.5915,3056901.0556,33.4002,11828
2019-04-25 04:00:00+00:00,33.5662,34.0783,33.2721,33.9718,3189491.5833,33.7978,13075
2019-04-26 04:00:00+00:00,33.4952,33.7944,32.8462,33.1403,3016965.5278,33.3274,15171
2019-04-29 04:00:00+00:00,33.1606,33.3532,32.9679,33.2366,2448354.1389,33.205,9026
2019-04-30 04:00:00+00:00,33.2873,34.2254,33.2873,34.1797,2385051.7222,33.9508,10152
2019-05-01 04:00:00+00:00,34.4282,35.0873,34.1797,34.773,4123082.4167,34.7835,16862
2019-05-02 04:00:00+00:00,34.702,34.9606,33.6879,34.5499,3874767.8056,34.4122,14026
2019-05-03 04:00:00+00:00,34.849,35.1368,34.6056,34.8338,1859637.9167,34.8,7173
2019-05-06 04:00:00+00:00,34.0935,34.7375,34.0175,34.5752,1330831.8889,34.489,5639
2019-05-07 04:00:00+00:00,34.2507,34.6208,33.5763,34.2203,2799378.1389,34.1224,11591
2019-05-08 04:00:00+00:00,33.9921,34.1242,33.7234,34.0225,2021916.3056,34.0067,7368
2019-05-09 04:00:00+00:00,33.4901,34.1189,33.2873,34.0175,2736207.8611,33.7035,9767
2019-05-10 04:00:00+00:00,33.8552,34.1696,33.2366,34.053,1411679.1944,33.8461,6469
2019-05-13 04:00:00+00:00,33.0034,33.4141,32.2986,32.471,5179601.8611,32.6111,13935
2019-05-14 04:00:00+00:00,32.5825,33.8346,32.5014,33.5408,1957639.6111,33.4679,9873
2019-05-15 04:00:00+00:00,33.2924,34.6158,33.2113,34.4282,2051485.8333,34.2804,9912
2019-05-16 04:00:00+00:00,34.5042,35.6096,34.4307,35.3915,2041214.5,35.2396,10117
2019-05-17 04:00:00+00:00,34.9808,35.7734,34.7375,35.2039,2937569.7778,35.3063,12330
2019-05-20 04:00:00+00:00,34.778,34.9656,34.0124,34.4789,2649901.4444,34.525,10780
2019-05-21 04:00:00+00:00,34.9454,35.569,34.6918,35.3155,2321333.1667,35.2513,9691
2019-05-22 04:00:00+00:00,35.6248,35.6907,34.8161,34.9859,3091480.0278,35.1844,12350
2019-05-23 04:00:00+00:00,34.2975,34.2975,32.7296,33.3127,6200339.2778,33.2425,20065
2019-05-24 04:00:00+00:00,33.4749,34.0682,33.1099,33.5256,3734296.2778,33.5137,11177
2019-05-28 04:00:00+00:00,33.5561,34.413,33.4648,33.6727,3529849.8056,33.7615,13983
2019-05-29 04:00:00+00:00,33.3532,33.577,32.8056,33.5662,4757950.6111,33.3893,16680
2019-05-30 04:00:00+00:00,33.7285,34.129,33.2214,33.6727,4111722.4167,33.7329,19500
2019-05-31 04:00:00+00:00,30.7572,31.5177,28.9572,30.1944,15614426.5,30.1107,56278
2019-06-03 04:00:00+00:00,30.1183,30.1842,28.1167,28.3234,6363146.2222,28.7554,29034
2019-06-04 04:00:00+00:00,28.8963,29.2868,28.3589,29.2462,5075855.0833,28.9388,25677
2019-06-05 04:00:00+00:00,29.302,29.4338,27.2561,27.6338,7385498.8889,27.6996,32332
2019-06-06 04:00:00+00:00,27.862,27.9025,26.427,26.9899,7641643.2222,26.9785,31850
2019-06-07 04:00:00+00:00,27.0761,27.9634,26.8783,27.5324,4518826.5556,27.5654,22358
2019-06-10 04:00:00+00:00,27.791,28.1561,27.3955,27.4817,3658176.3889,27.709,16979
2019-06-11 04:00:00+00:00,27.6186,27.8315,27.1724,27.5527,3504733.5556,27.5642,16776
2019-06-12 04:00:00+00:00,27.4868,27.8442,26.8479,26.8885,2526505.4167,27.1289,12736
2019-06-13 04:00:00+00:00,26.8682,27.3904,26.6299,27.2941,4076701.6667,27.2098,15970
2019-06-14 04:00:00+00:00,26.8479,27.1318,25.7375,26.0214,3633361.8889,26.1271,17980
2019-06-17 04:00:00+00:00,26.1076,26.1989,25.6411,25.6715,3297815.8889,25.8801,16025
2019-06-18 04:00:00+00:00,25.9606,26.6958,25.8135,26.1177,4489247.1667,26.251,17538
2019-06-19 04:00:00+00:00,26.3713,27.1521,26.138,27.0862,4166548.2222,26.8507,15175
2019-06-20 04:00:00+00:00,27.8873,29.0332,27.0355,27.5882,4937624.0,27.5753,19601
2019-06-21 04:00:00+00:00,27.4158,27.6896,27.1268,27.3752,4972279.8889,27.4137,13619
2019-06-24 04:00:00+00:00,27.3752,27.5304,26.9037,27.0254,3584030.6944,27.1027,14293
2019-06-25 04:00:00+00:00,27.0254,27.3144,26.4676,26.5234,4531738.6944,26.648,12258
2019-06-26 04:00:00+00:00,26.853,27.2535,26.7617,26.9899,1905093.6944,27.0179,10496
2019-06-27 04:00:00+00:00,26.5944,26.8023,25.6411,26.4727,9565360.6111,26.4647,36957
2019-06-28 04:00:00+00:00,26.7008,26.7515,25.6817,25.7577,13888473.6944,25.8819,32574
2019-07-01 04:00:00+00:00,26.4727,26.4879,25.9808,26.1431,6981041.4722,26.1307,24883
2019-07-02 04:00:00+00:00,25.9707,26.4625,25.6564,26.4575,4972680.25,26.09,21802
2019-07-03 04:00:00+00:00,26.3003,26.853,25.9758,26.8327,5138727.5556,26.6667,14536
2019-07-05 04:00:00+00:00,26.4321,26.6958,26.2572,26.5538,4129375.7778,26.5037,16412
2019-07-08 04:00:00+00:00,26.2648,26.4068,25.849,26.0062,5917212.9722,26.0313,19542
2019-07-09 04:00:00+00:00,25.8389,26.0265,25.6715,25.9099,5296911.6111,25.8595,19969
2019-07-10 04:00:00+00:00,26.1279,26.8732,25.9301,26.5132,9088802.6944,26.4201,34761
2019-07-11 04:00:00+00:00,26.498,27.1166,26.4499,27.1166,5893869.75,26.9057,19778
2019-07-12 04:00:00+00:00,27.3042,27.5476,26.9899,27.2687,7214956.8889,27.2853,20348
2019-07-15 04:00:00+00:00,27.3803,28.0293,27.3549,27.9989,7949096.8889,27.8322,18187
2019-07-16 04:00:00+00:00,28.151,28.8963,27.9532,28.3994,7116120.9444,28.4861,30306
2019-07-17 04:00:00+00:00,28.3944,28.658,28.0724,28.6479,3553258.1111,28.4416,15726
2019-07-18 04:00:00+00:00,28.5161,29.2994,28.2727,29.0992,4361784.4167,28.9497,18741
2019-07-19 04:00:00+00:00,29.3831,30.0002,28.6986,28.8,5906750.3333,29.3688,26152
2019-07-22 04:00:00+00:00,28.9318,29.0941,28.5921,28.6073,3268508.6667,28.7989,11969
2019-07-23 04:00:00+00:00,28.7493,28.7493,27.7023,28.1206,4537619.8611,27.9884,17803
2019-07-24 04:00:00+00:00,27.9735,28.5617,27.9735,28.5059,2860231.0556,28.3711,11763
2019-07-25 04:00:00+00:00,28.5566,28.729,27.7707,27.9228,3692836.2222,28.0404,15237
2019-07-26 04:00:00+00:00,27.9532,28.1358,27.7808,28.0293,3267743.4444,27.9423,13088
2019-07-29 04:00:00+00:00,28.3031,28.5161,27.6085,28.3792,3831842.3889,28.1557,15026
2019-07-30 04:00:00+00:00,28.2575,29.0992,28.1307,29.018,4030867.2222,28.8166,16089
2019-07-31 04:00:00+00:00,29.0434,29.4034,28.6834,29.2766,5387769.9167,29.1766,20174
2019-08-01 04:00:00+00:00,29.378,29.9915,29.0529,29.2513,4968907.3889,29.4857,22178
2019-08-02 04:00:00+00:00,27.8113,28.1408,26.0873,26.5741,20765312.8056,26.8571,56578
2019-08-05 04:00:00+00:00,25.8642,25.9045,24.48,25.5651,11189373.1944,25.3335,41100
2019-08-06 04:00:00+00:00,25.8135,26.1228,25.0732,25.7425,7241936.8889,25.5654,24759
2019-08-07 04:00:00+00:00,25.2963,25.6462,24.982,25.5448,3652508.2222,25.3681,16553
2019-08-08 04:00:00+00:00,25.6665,26.3865,25.6665,26.0265,4781700.1111,26.0578,15086
2019-08-09 04:00:00+00:00,26.0062,26.0062,25.2507,25.5701,2521208.0278,25.5329,12487
2019-08-12 04:00:00+00:00,25.3775,25.4738,24.9363,25.1037,2753291.25,25.1346,17132
2019-08-13 04:00:00+00:00,24.9718,25.8135,24.7031,25.1087,7069976.8611,25.2145,21166
2019-08-14 04:00:00+00:00,24.6879,24.84,23.8107,24.6423,7800148.75,24.3823,19798
2019-08-15 04:00:00+00:00,24.409,24.5238,23.4456,23.7803,5776258.25,23.7329,25282
2019-08-16 04:00:00+00:00,24.0287,24.9414,23.9577,24.5561,4959383.5278,24.5763,20830
2019-08-19 04:00:00+00:00,25.0023,25.1645,24.7335,24.8704,3981859.4722,24.9467,15421
2019-08-20 04:00:00+00:00,24.7031,24.9972,24.4344,24.5763,3552548.1111,24.6785,11862
2019-08-21 04:00:00+00:00,24.6777,25.2203,24.6169,24.8349,2771082.6667,24.8853,12845
2019-08-22 04:00:00+00:00,25.0631,25.129,24.5497,24.8654,3221360.7222,24.8706,14796
2019-08-23 04:00:00+00:00,24.2113,24.3076,23.187,23.2276,7284556.6111,23.576,31386
2019-08-26 04:00:00+00:00,23.3239,23.869,23.2986,23.5318,4072757.2222,23.5169,14530
2019-08-27 04:00:00+00:00,23.8056,23.9172,22.9538,23.1211,3888163.1389,23.2411,20369
2019-08-28 04:00:00+00:00,23.0806,23.1313,22.4873,22.969,4183458.0556,22.8884,17178
2019-08-29 04:00:00+00:00,23.1972,23.7955,23.1465,23.7144,7452864.0833,24.0406,26117
2019-08-30 04:00:00+00:00,25.7831,26.9746,25.1746,26.1279,31878972.3889,26.0278,99336
2019-09-03 04:00:00+00:00,25.8744,26.3054,25.6574,25.8946,8340628.3611,25.9413,32953
2019-09-04 04:00:00+00:00,26.1127,26.304,25.489,25.9606,5607002.1389,25.9453,21154
2019-09-05 04:00:00+00:00,26.1431,27.1268,25.9149,26.8327,9122338.3611,26.6148,36467
2019-09-06 04:00:00+00:00,26.8732,27.2738,26.498,27.0558,6854706.8333,27.0594,26147
2019-09-09 04:00:00+00:00,27.3803,27.6085,26.9442,27.5273,7193430.0833,27.2767,29140
2019-09-10 04:00:00+00:00,27.3194,28.3183,27.0,28.1307,6318749.5278,28.0037,25767
2019-09-11 04:00:00+00:00,27.9482,28.1408,27.7352,28.0394,5958491.5833,27.993,16741
2019-09-12 04:00:00+00:00,28.1662,28.3589,27.4056,27.4563,5680057.1944,27.7066,23218
2019-09-13 04:00:00+00:00,27.4056,27.7099,27.0963,27.1318,2813584.0556,27.3148,14818
2019-09-16 04:00:00+00:00,26.8732,27.6592,26.8124,27.431,3046049.8889,27.4521,13165
2019-09-17 04:00:00+00:00,27.3803,27.431,26.929,27.3042,2859937.1944,27.1689,13104
2019-09-18 04:00:00+00:00,27.3448,27.3448,26.3713,26.7718,3816808.1389,26.7725,17641
2019-09-19 04:00:00+00:00,26.7515,27.2028,26.6501,26.8935,5723104.8889,26.9775,20199
2019-09-20 04:00:00+00:00,26.9696,27.0456,26.2166,26.2901,6057712.1111,26.4333,21656
2019-09-23 04:00:00+00:00,26.2699,26.8732,25.8668,26.8428,4927735.2778,26.4763,19703
2019-09-24 04:00:00+00:00,26.9037,27.2028,26.1913,26.4676,6637452.75,26.6278,24353
2019-09-25 04:00:00+00:00,26.4625,27.3904,26.3915,27.2485,6084670.4167,27.1183,26869
2019-09-26 04:00:00+00:00,26.8732,26.8732,26.0214,26.4423,6145894.1111,26.385,26299
2019-09-27 04:00:00+00:00,26.5792,26.8124,25.5499,25.8338,4413442.8333,26.1841,17552
2019-09-30 04:00:00+00:00,25.8338,26.3814,25.7932,26.2952,2656238.1944,26.2267,12716
2019-10-01 04:00:00+00:00,26.4321,26.8175,26.0594,26.1837,3857690.3333,26.3588,18080
2019-10-02 04:00:00+00:00,26.1127,26.1177,25.4332,25.7476,3165860.4167,25.7507,16950
2019-10-03 04:00:00+00:00,25.7628,26.0468,25.0428,25.8896,2669416.5833,25.6959,14194
2019-10-04 04:00:00+00:00,25.9758,26.1127,25.4535,25.489,3844204.2778,25.5506,15088
2019-10-07 04:00:00+00:00,25.4028,25.8946,25.347,25.6158,3167507.2222,25.662,14528
2019-10-08 04:00:00+00:00,25.4485,25.5397,24.7386,24.7487,3035319.0278,24.9191,20471
2019-10-09 04:00:00+00:00,24.9161,25.2152,24.7183,25.0783,2626185.4722,25.0464,13837
2019-10-10 04:00:00+00:00,25.053,25.1442,24.7893,24.8451,4532050.3056,24.9057,13126
2019-10-11 04:00:00+00:00,25.2862,26.0493,25.2331,25.5042,3036504.3333,25.6482,15803
2019-10-14 04:00:00+00:00,25.4789,25.7324,25.4079,25.6969,1571366.0833,25.6181,8003
2019-10-15 04:00:00+00:00,25.6056,26.2344,25.5296,25.9251,2090312.9722,25.9146,11477
2019-10-16 04:00:00+00:00,25.8186,25.8237,25.4383,25.6259,2003046.0833,25.6234,10167
2019-10-17 04:00:00+00:00,25.778,25.9859,25.5092,25.5397,2004345.7778,25.6505,11269
2019-10-18 04:00:00+00:00,25.5346,25.5752,25.1009,25.2862,3509614.8056,25.3117,19098
2019-10-21 04:00:00+00:00,25.3014,25.6107,25.1465,25.347,2411447.9444,25.3924,10865
2019-10-22 04:00:00+00:00,25.5093,25.6715,25.2406,25.342,2083877.6111,25.4155,10705
2019-10-23 04:00:00+00:00,25.2963,25.5613,24.9769,25.5042,2485151.8611,25.3961,10709
2019-10-24 04:00:00+00:00,25.6868,25.9859,25.3166,25.8642,3029076.9444,25.6632,12845
2019-10-25 04:00:00+00:00,25.9149,26.5285,25.8338,26.2039,3207519.6667,26.2813,12955
2019-10-28 04:00:00+00:00,26.3307,26.5944,26.0975,26.1583,3132413.5,26.3064,14852
2019-10-29 04:00:00+00:00,26.1887,27.0101,26.1431,27.0,5242641.9722,26.6044,15898
2019-10-30 04:00:00+00:00,26.9797,27.4563,26.7363,27.2535,3374115.25,27.0659,16070
2019-10-31 04:00:00+00:00,27.2028,27.2789,26.422,26.8175,3051864.0,26.7274,14034
2019-11-01 04:00:00+00:00,26.9645,27.071,26.7668,26.9949,2422632.4167,26.9315,11293
2019-11-04 05:00:00+00:00,27.3042,27.4487,27.1166,27.2992,2063987.75,27.2782,9622
2019-11-05 05:00:00+00:00,27.3346,27.8113,27.147,27.5983,4092376.8889,27.5877,16776
2019-11-06 05:00:00+00:00,27.8873,27.8873,27.2282,27.5476,2876440.75,27.6313,11006
2019-11-07 05:00:00+00:00,27.7707,27.862,27.4462,27.5375,2927472.0,27.6522,13370
2019-11-08 05:00:00+00:00,27.5628,27.6794,27.1521,27.5375,1998939.9167,27.5129,9705
2019-11-11 05:00:00+00:00,27.289,27.8214,27.2028,27.6439,1841497.4167,27.6326,9576
2019-11-12 05:00:00+00:00,27.7808,28.2828,27.7099,28.1054,5492922.8889,27.9502,16987
2019-11-13 05:00:00+00:00,27.8873,28.0901,27.6541,27.7758,2317976.4444,27.8356,11423
2019-11-14 05:00:00+00:00,27.5831,28.4907,27.4665,27.9127,3399862.6111,28.0808,15822
2019-11-15 05:00:00+00:00,28.2169,28.3183,27.9685,28.2118,2845068.6111,28.1768,11063
2019-11-18 05:00:00+00:00,28.2169,28.3386,27.9228,28.1763,1952336.3056,28.1209,9862
2019-11-19 05:00:00+00:00,28.222,28.7392,28.0293,28.5008,2839428.0556,28.4874,11662
2019-11-20 05:00:00+00:00,28.3031,28.5363,27.8567,28.0242,2858836.6944,28.1096,12835
2019-11-21 05:00:00+00:00,28.009,28.1915,27.2231,27.2332,3201739.0833,27.504,14115
2019-11-22 05:00:00+00:00,27.2282,27.3777,26.8732,27.1825,2894969.7778,27.1537,15438
2019-11-25 05:00:00+00:00,27.3803,28.1976,27.3803,27.9177,3810374.75,27.9315,15216
2019-11-26 05:00:00+00:00,28.227,28.362,26.9493,26.9696,9334600.75,27.21,26403
2019-11-27 05:00:00+00:00,25.8845,26.4473,25.2254,25.5144,26121318.1111,25.7136,90605
2019-11-29 05:00:00+00:00,25.5042,25.5828,24.5611,24.5865,6430004.5556,24.7817,22875
2019-12-02 05:00:00+00:00,24.5155,24.6777,23.9983,24.1961,7482238.3611,24.2715,31797
2019-12-03 05:00:00+00:00,23.7296,24.0794,23.542,24.0338,7839922.5556,23.8122,30329
2019-12-04 05:00:00+00:00,24.2873,24.3887,24.1048,24.1758,4201446.6944,24.2425,18326
2019-12-05 05:00:00+00:00,24.1403,24.1987,23.6383,24.0034,4108172.4167,23.9521,16790
2019-12-06 05:00:00+00:00,24.0845,24.693,23.8462,23.8918,5962568.1667,24.1771,20001
2019-12-09 05:00:00+00:00,23.7397,24.3228,23.5521,24.1606,7547956.75,24.0087,22153
2019-12-10 05:00:00+00:00,24.0389,24.3279,23.8969,24.0135,6138263.5833,24.044,19045
2019-12-11 05:00:00+00:00,23.9932,24.2113,23.7803,24.191,4411853.2222,24.0332,16216
2019-12-12 05:00:00+00:00,23.9932,25.1797,23.8715,25.0986,5287214.1944,24.8555,23488
2019-12-13 05:00:00+00:00,25.0631,25.3927,24.8603,25.0225,5236989.5833,25.1587,19758
2019-12-16 05:00:00+00:00,25.347,25.4282,24.982,25.0935,6707016.9722,25.1256,21238
2019-12-17 05:00:00+00:00,25.2101,25.4586,25.129,25.3166,4709410.2778,25.2847,15825
2019-12-18 05:00:00+00:00,25.3521,25.6513,25.1594,25.3521,4569546.1944,25.391,13510
2019-12-19 05:00:00+00:00,25.3825,25.5194,25.2406,25.2963,3022803.3056,25.3433,10174
2019-12-20 05:00:00+00:00,25.5042,25.631,25.1037,25.1594,5361890.4167,25.2358,14653
2019-12-23 05:00:00+00:00,25.1797,25.9504,25.1594,25.5854,3236000.5278,25.6092,14177
2019-12-24 05:00:00+00:00,25.5803,26.0265,25.4789,25.773,1923601.0278,25.775,6943
2019-12-26 05:00:00+00:00,25.991,26.5082,25.9149,26.3713,3052783.0556,26.3493,13707
2019-12-27 05:00:00+00:00,26.4676,26.4676,25.7045,25.849,3144382.9167,25.9118,14775
2019-12-30 05:00:00+00:00,25.7983,26.1406,25.6056,25.8135,2642949.3611,25.8955,10841
2019-12-31 05:00:00+00:00,25.7577,26.3155,25.6308,26.0569,3297774.4722,26.0838,11182
2020-01-02 05:00:00+00:00,26.3966,26.6806,26.138,26.5132,4321087.6111,26.4381,19792
2020-01-03 05:00:00+00:00,26.062,26.3561,25.5661,25.6411,4481675.8056,25.8152,21433
2020-01-06 05:00:00+00:00,25.3977,26.0062,25.3977,25.8997,5010777.6667,25.7972,16679
2020-01-07 05:00:00+00:00,25.8794,26.0163,25.1341,25.2507,6214957.3889,25.3353,20370
2020-01-08 05:00:00+00:00,25.0986,25.3724,24.9211,25.3521,6975284.5556,25.223,22521
2020-01-09 05:00:00+00:00,25.4535,25.4839,24.8552,25.1594,7222009.5556,25.1311,22238
2020-01-10 05:00:00+00:00,25.1594,25.3217,25.053,25.1037,4889842.9722,25.1789,15140
2020-01-13 05:00:00+00:00,25.1949,25.347,24.6828,25.2659,6793136.0278,25.1507,18498
2020-01-14 05:00:00+00:00,25.2659,26.1279,25.2558,25.7882,6603268.2222,25.7271,24616
2020-01-15 05:00:00+00:00,25.7121,25.9301,25.5549,25.6563,3931179.2778,25.7197,15835
2020-01-16 05:00:00+00:00,25.8642,26.2293,25.702,26.0315,4477800.3889,25.9352,20248
2020-01-17 05:00:00+00:00,26.1127,26.1127,25.3775,25.5245,6528858.25,25.5597,25695
2020-01-21 05:00:00+00:00,25.4282,25.4383,24.7944,24.9921,5427198.5833,25.0395,19808
2020-01-22 05:00:00+00:00,25.0986,25.413,25.0986,25.3217,2733346.1667,25.2746,12064
2020-01-23 05:00:00+00:00,25.3623,25.5879,25.0327,25.5397,2203938.6111,25.4198,9718
2020-01-24 05:00:00+00:00,25.631,25.8794,25.1138,25.342,3970016.2778,25.4642,14588
2020-01-27 05:00:00+00:00,24.6727,24.7893,24.3228,24.4141,6182843.6944,24.5085,20733
2020-01-28 05:00:00+00:00,24.5966,24.9465,24.5155,24.6828,4244263.6389,24.753,16821
2020-01-29 05:00:00+00:00,24.8197,24.9465,24.6118,24.8197,2804403.3611,24.7663,12194
2020-01-30 05:00:00+00:00,24.5408,25.0834,24.4192,25.0377,4761425.6667,24.7842,15768
2020-01-31 05:00:00+00:00,24.911,24.9732,24.4141,24.7285,4647074.25,24.6302,17238
2020-02-03 05:00:00+00:00,24.7386,25.0479,24.6473,24.9363,3290124.2222,24.9129,13144
2020-02-04 05:00:00+00:00,25.3521,26.1025,25.0682,25.8744,5903135.25,25.8163,21584
2020-02-05 05:00:00+00:00,26.1025,26.5639,25.6563,25.7527,7387650.5833,25.9078,24511
2020-02-06 05:00:00+00:00,25.9403,26.8377,25.8896,26.7972,6625238.7778,26.6057,21735
2020-02-07 05:00:00+00:00,26.6197,26.6197,25.8592,26.1735,9358553.3889,26.1363,27314
2020-02-10 05:00:00+00:00,25.8592,26.4524,25.6361,26.422,5461351.5556,26.1813,12741
2020-02-11 05:00:00+00:00,26.4169,26.9239,26.3662,26.498,8847706.4167,26.5778,17846
2020-02-12 05:00:00+00:00,26.7363,27.1369,26.6603,27.0254,6931163.9722,26.9459,19381
2020-02-13 05:00:00+00:00,26.3408,26.787,26.0772,26.6451,6815856.0278,26.5111,18646
2020-02-14 05:00:00+00:00,26.8479,27.1521,26.6856,26.8124,4179129.0278,26.8242,14044
2020-02-18 05:00:00+00:00,26.5183,26.8479,26.3054,26.7566,5177318.0278,26.6925,17955
2020-02-19 05:00:00+00:00,26.8225,27.1724,26.7465,27.0456,5555759.8611,26.9964,19973
2020-02-20 05:00:00+00:00,27.0456,27.0761,26.5132,26.8479,5341783.6111,26.8366,20806
2020-02-21 05:00:00+00:00,26.7211,26.7769,25.9656,26.2242,4422526.8889,26.213,18394
2020-02-24 05:00:00+00:00,25.2355,25.2862,24.0439,24.4952,7332424.4167,24.5857,30004
2020-02-25 05:00:00+00:00,24.8704,24.9439,23.4086,23.4355,6842713.75,23.8429,27501
2020-02-26 05:00:00+00:00,23.689,24.0034,22.969,23.2885,6893297.3056,23.4278,26157
2020-02-27 05:00:00+00:00,22.5786,23.0907,21.7521,22.0868,11094698.6389,22.4703,40013
2020-02-28 05:00:00+00:00,20.8901,21.8586,19.8761,20.5149,17175113.0,20.6572,56371
2020-03-02 05:00:00+00:00,20.6468,21.5442,19.9775,21.4935,7970568.4722,20.7823,33803
2020-03-03 05:00:00+00:00,21.6355,22.1628,20.9966,21.1842,9248122.75,21.5589,35358
2020-03-04 05:00:00+00:00,21.5442,21.9955,20.8851,21.9955,6056116.5833,21.5977,23732
2020-03-05 05:00:00+00:00,21.311,21.5797,20.5301,20.7127,7203638.3056,20.9881,30942
2020-03-06 05:00:00+00:00,19.7746,20.7279,19.582,20.089,8467980.6667,20.0544,32754
2020-03-09 04:00:00+00:00,18.4969,18.6592,17.9797,18.3803,10956848.1944,18.3696,43500
2020-03-10 04:00:00+00:00,19.1155,19.9673,18.0,19.8456,10006481.6389,19.0554,39673
2020-03-11 04:00:00+00:00,19.0851,19.5465,18.5425,18.7301,9451358.2778,19.0064,42606
2020-03-12 04:00:00+00:00,17.2293,17.7059,16.3825,16.6006,13324704.1111,17.0031,54005
2020-03-13 04:00:00+00:00,17.8377,18.2282,16.8034,18.2282,9761784.0833,17.4533,45937
2020-03-16 04:00:00+00:00,14.7955,17.3966,14.7955,16.3318,10096409.0556,16.8423,40979
2020-03-17 04:00:00+00:00,16.6361,16.9656,15.333,15.8806,10047535.4167,16.2307,35037
2020-03-18 04:00:00+00:00,14.7042,15.2873,12.9346,14.6383,9208274.0,14.2449,35358
2020-03-19 04:00:00+00:00,14.7042,16.5854,14.2885,16.2051,8488436.5556,15.7832,32702
2020-03-20 04:00:00+00:00,16.6513,18.7048,16.2355,16.4738,13587240.4167,17.3341,46215
2020-03-23 04:00:00+00:00,16.7324,18.1166,15.987,17.209,7427479.6111,17.1958,31194
2020-03-24 04:00:00+00:00,18.4868,19.7037,17.5082,19.6986,7147033.5556,18.8175,33827
2020-03-25 04:00:00+00:00,19.9623,21.4986,19.3538,19.947,7457987.9167,20.5214,32441
2020-03-26 04:00:00+00:00,20.2513,21.7521,20.0282,21.5696,6359292.5,21.2463,27719
2020-03-27 04:00:00+00:00,20.3983,20.7837,19.4045,19.6479,6372985.6389,19.874,27265
2020-03-30 04:00:00+00:00,20.1346,20.8749,19.6631,20.1803,7014979.4722,20.287,30043
2020-03-31 04:00:00+00:00,20.0079,20.7887,19.7189,20.0535,3551289.8333,20.1968,16403
2020-04-01 04:00:00+00:00,19.1408,19.7059,18.5121,18.7099,4919909.5,18.9419,21815
2020-04-02 04:00:00+00:00,18.5476,19.293,18.3397,18.8315,3914009.1111,18.7372,19361
2020-04-03 04:00:00+00:00,18.7454,19.1054,18.0152,18.4766,4098496.6944,18.4331,18806
2020-04-06 04:00:00+00:00,19.5059,19.8456,19.222,19.729,6478333.8611,19.5885,30719
2020-04-07 04:00:00+00:00,20.2411,20.6772,19.3437,19.4552,7311514.9167,19.865,26741
2020-04-08 04:00:00+00:00,19.6732,20.6315,19.5718,20.4744,6747153.6667,20.3257,22453
2020-04-09 04:00:00+00:00,21.1285,21.6761,20.8605,21.0727,8403577.75,21.1763,28554
2020-04-13 04:00:00+00:00,20.6163,20.951,20.2411,20.5149,3484524.1944,20.5241,19312
2020-04-14 04:00:00+00:00,20.8851,21.4732,20.6873,20.9611,5042368.7222,21.1274,21287
2020-04-15 04:00:00+00:00,20.2969,20.7193,20.0789,20.5099,4158765.8333,20.4225,19184
2020-04-16 04:00:00+00:00,20.6569,20.8851,20.2158,20.8394,3083054.6944,20.6149,14020
2020-04-17 04:00:00+00:00,21.3718,21.4327,20.7887,21.0473,6436796.8889,21.0178,20013
2020-04-20 04:00:00+00:00,20.4541,21.1741,20.3577,20.7685,4094280.0833,20.8073,11176
2020-04-21 04:00:00+00:00,20.2462,20.3577,18.862,18.9634,7050142.2222,19.2612,26868
2020-04-22 04:00:00+00:00,19.4197,19.8761,19.2118,19.6479,7657474.25,19.61,17437
2020-04-23 04:00:00+00:00,19.8811,20.1701,19.6225,19.729,2881067.5833,19.8615,11199
2020-04-24 04:00:00+00:00,19.942,20.269,19.5211,20.1245,3521824.8333,20.0106,16157
2020-04-27 04:00:00+00:00,20.3628,20.593,20.2868,20.378,3043182.2778,20.4662,13710
2020-04-28 04:00:00+00:00,20.7837,20.9713,20.3831,20.7076,5096228.1389,20.7115,17596
2020-04-29 04:00:00+00:00,21.0625,22.1425,20.9915,22.0006,6594014.5556,21.7933,24463
2020-04-30 04:00:00+00:00,21.8028,22.0188,21.4661,21.6456,3468868.6944,21.767,15587
2020-05-01 04:00:00+00:00,21.0879,21.2907,20.1701,20.2817,3721778.5833,20.3776,16529
2020-05-04 04:00:00+00:00,20.1144,20.5707,19.6682,20.5606,2528913.5,20.3461,12185
2020-05-05 04:00:00+00:00,20.7887,21.1229,20.3577,20.378,2185366.1944,20.6147,10952
2020-05-06 04:00:00+00:00,20.5859,20.8546,20.3882,20.5301,2281845.3333,20.5631,10236
2020-05-07 04:00:00+00:00,20.8192,21.2096,20.7177,21.169,2225638.9722,21.0709,11381
2020-05-08 04:00:00+00:00,21.4986,22.2085,21.4276,22.1324,4162797.0556,21.9546,20280
2020-05-11 04:00:00+00:00,21.9346,22.1932,21.5645,21.9904,3182748.5556,21.9766,13555
2020-05-12 04:00:00+00:00,22.0766,22.2034,21.4225,21.4225,4296340.1667,21.5541,10059
2020-05-13 04:00:00+00:00,21.4732,21.6507,20.4592,20.8039,4319669.5833,20.7846,22418
2020-05-14 04:00:00+00:00,20.3628,21.2451,19.9268,21.2248,3279438.7222,20.7868,14620
2020-05-15 04:00:00+00:00,20.8699,21.4276,20.5707,21.3414,3092856.6389,21.2316,12807
2020-05-18 04:00:00+00:00,21.7369,22.5,21.5746,22.1983,3782315.9444,22.2427,16549
2020-05-19 04:00:00+00:00,22.102,22.7865,22.102,22.3301,4279830.6944,22.4789,15819
2020-05-20 04:00:00+00:00,22.5228,22.7966,22.1882,22.6445,4167985.9722,22.5476,17708
2020-05-21 04:00:00+00:00,22.6597,22.8372,22.0766,22.5076,3514267.2778,22.5089,17670
2020-05-22 04:00:00+00:00,22.0056,22.2085,21.24,21.8383,5472522.2222,21.6776,19307
2020-05-26 04:00:00+00:00,22.7054,22.8676,22.5076,22.5431,3889689.6389,22.6833,18703
2020-05-27 04:00:00+00:00,22.8169,23.1059,22.1476,23.1059,5718485.9444,22.7676,21563
2020-05-28 04:00:00+00:00,22.9538,23.4203,22.9386,23.111,8625192.4167,23.2809,28200
2020-05-29 04:00:00+00:00,24.8451,25.3521,24.338,25.1696,23590203.6111,24.9527,55842
2020-06-01 04:00:00+00:00,24.9668,25.2507,24.48,25.0327,7591195.75,24.8746,30511
2020-06-02 04:00:00+00:00,25.0479,25.1696,24.6524,24.9211,5856943.8333,24.9531,24266
2020-06-03 04:00:00+00:00,25.0986,25.129,24.698,24.7487,5241860.9722,24.8432,21362
2020-06-04 04:00:00+00:00,24.5611,24.9668,24.4141,24.9465,5269255.1389,24.8281,23430
2020-06-05 04:00:00+00:00,25.0682,26.0366,25.0682,25.6158,8287023.3611,25.6919,30717
2020-06-08 04:00:00+00:00,25.8592,26.3839,25.7569,26.1938,7174528.3056,26.1877,22188
2020-06-09 04:00:00+00:00,26.0113,26.0113,25.2963,25.3673,4759841.9722,25.5662,22591
2020-06-10 04:00:00+00:00,25.3876,25.4687,24.8248,25.0428,2914110.1944,25.1009,17481
2020-06-11 04:00:00+00:00,24.333,24.4648,23.5521,23.6231,6185184.7222,23.9853,33183
2020-06-12 04:00:00+00:00,24.5256,24.6828,23.3696,23.7803,3806649.2222,23.862,22122
2020-06-15 04:00:00+00:00,23.2225,24.0389,23.1313,23.8614,4382003.6389,23.6783,25118
2020-06-16 04:00:00+00:00,24.6017,24.693,23.8969,24.1758,3198557.8889,24.2952,17312
2020-06-17 04:00:00+00:00,24.2214,24.6524,24.0693,24.0946,4125944.1111,24.2827,18096
2020-06-18 04:00:00+00:00,23.9527,24.1048,23.6941,24.0439,4507509.9444,23.9708,21271
2020-06-19 04:00:00+00:00,24.5104,25.1062,24.3685,24.8045,6102694.5556,24.8036,28820
2020-06-22 04:00:00+00:00,24.6473,24.9744,24.2569,24.4851,3618743.7778,24.499,14369
2020-06-23 04:00:00+00:00,24.7589,25.1087,24.5104,24.8501,10241913.6944,27.2417,33842
2020-06-24 04:00:00+00:00,27.8113,27.8366,26.2192,26.9239,31922055.5833,26.9523,105998
2020-06-25 04:00:00+00:00,26.5842,26.64,25.7476,26.1634,7495775.6944,26.0774,31263
2020-06-26 04:00:00+00:00,25.9656,26.8327,25.7577,26.493,10099185.9444,26.4843,29998
2020-06-29 04:00:00+00:00,26.7059,27.3397,26.2749,27.2586,7818665.9444,27.0133,27963
2020-06-30 04:00:00+00:00,27.289,28.0039,27.0862,27.8569,6100625.6944,27.664,25484
2020-07-01 04:00:00+00:00,27.9177,28.1763,27.4158,27.5223,5526821.4444,27.7221,25737
2020-07-02 04:00:00+00:00,27.9685,28.2625,27.2383,27.2535,3746447.1389,27.6229,19301
2020-07-06 04:00:00+00:00,27.6338,27.72,27.2586,27.4107,3409061.0556,27.4313,15788
2020-07-07 04:00:00+00:00,27.1825,27.3549,26.8124,26.8479,3608945.7778,26.975,17699
2020-07-08 04:00:00+00:00,26.9696,27.4563,26.8225,27.4563,4107166.5833,27.1914,17884
2020-07-09 04:00:00+00:00,27.5831,27.5831,26.8732,27.2231,2774632.6667,27.2327,12940
2020-07-10 04:00:00+00:00,27.1268,27.2206,26.8327,27.0913,2302180.9167,27.0864,14840
2020-07-13 04:00:00+00:00,27.1268,27.2231,26.2394,26.2496,4179121.1389,26.621,19368
2020-07-14 04:00:00+00:00,26.0366,26.6501,25.8997,26.6197,2664981.0556,26.3197,13963
2020-07-15 04:00:00+00:00,26.7161,27.071,26.4473,26.711,3900101.0,27.2418,16861
2020-07-16 04:00:00+00:00,29.7228,31.249,29.6873,29.9662,50559218.3333,30.4207,175867
2020-07-17 04:00:00+00:00,29.7938,30.747,29.378,30.6101,11396154.7778,30.1877,47720
2020-07-20 04:00:00+00:00,30.5746,31.3606,30.5138,31.1577,6151972.5,30.9838,29823
2020-07-21 04:00:00+00:00,31.2845,31.6901,30.9549,30.96,5485166.1389,31.2213,23081
2020-07-22 04:00:00+00:00,31.102,31.6952,31.0259,31.3149,5710496.4722,31.3733,16572
2020-07-23 04:00:00+00:00,31.3149,31.8879,30.889,31.1932,4255000.4167,31.352,16769
2020-07-24 04:00:00+00:00,30.7521,31.0361,30.5392,30.8282,2570182.25,30.8311,13441
2020-07-27 04:00:00+00:00,30.8535,31.102,30.6507,30.9093,2824833.6111,30.9265,14303
2020-07-28 04:00:00+00:00,30.747,30.8941,30.0321,30.1031,3303805.5278,30.4053,19302
2020-07-29 04:00:00+00:00,30.1335,30.529,30.0118,30.2654,3564813.3611,30.2729,16311
2020-07-30 04:00:00+00:00,29.9611,30.169,29.4642,29.9966,3696283.6667,29.8888,17442
2020-07-31 04:00:00+00:00,30.24,30.382,29.662,30.3363,3444519.6389,30.0668,16714
2020-08-03 04:00:00+00:00,30.3769,30.8485,30.1031,30.6659,3361039.4167,30.6136,17713
2020-08-04 04:00:00+00:00,30.6507,30.7574,30.3262,30.5848,3371857.0556,30.524,14986
2020-08-05 04:00:00+00:00,30.8028,31.0158,30.6101,30.7318,2300374.3611,30.7766,12053
2020-08-06 04:00:00+00:00,30.5544,31.0513,30.3769,30.9042,3747103.8889,30.8275,12126
2020-08-07 04:00:00+00:00,30.813,30.8839,30.4497,30.8282,2104877.8333,30.697,12311
2020-08-10 04:00:00+00:00,31.0158,31.467,30.9093,31.3504,3114061.9722,31.2673,14965
2020-08-11 04:00:00+00:00,31.5583,32.04,31.1197,31.2034,4125366.25,31.5065,20432
2020-08-12 04:00:00+00:00,31.4873,31.5837,31.0817,31.3504,1974155.0,31.2875,9365
2020-08-13 04:00:00+00:00,31.0361,31.2439,30.169,30.1994,5382801.8889,30.4977,24468
2020-08-14 04:00:00+00:00,30.311,30.6,30.2096,30.3769,2160514.2222,30.3739,11721
2020-08-17 04:00:00+00:00,30.5239,30.7724,30.2375,30.2654,1892465.5556,30.408,10461
2020-08-18 04:00:00+00:00,30.2299,30.6051,30.2299,30.4327,1663457.0278,30.4462,11368
2020-08-19 04:00:00+00:00,30.5848,30.7673,30.2806,30.3465,3587194.1389,30.4311,12397
2020-08-20 04:00:00+00:00,30.3008,30.4023,30.0752,30.2501,1921873.3611,30.2341,10897
2020-08-21 04:00:00+00:00,30.093,30.7673,30.0727,30.6558,4393440.5556,30.6027,13314
2020-08-24 04:00:00+00:00,31.3859,31.538,31.0107,31.2135,2566555.3333,31.2202,14217
2020-08-25 04:00:00+00:00,31.2135,31.3859,30.6507,30.747,2720207.2222,30.9013,15163
2020-08-26 04:00:00+00:00,31.3454,31.5735,30.8485,31.5025,4148782.4444,31.3325,19371
2020-08-27 04:00:00+00:00,31.7408,32.0349,31.1679,31.6546,7415557.5278,31.7614,34835
2020-08-28 04:00:00+00:00,33.2265,34.2862,32.8563,33.5713,18229890.9722,33.5422,70050
2020-08-31 04:00:00+00:00,33.2468,34.1594,33.1758,33.5054,6048312.5,33.7369,27923
2020-09-01 04:00:00+00:00,33.6777,33.8907,33.3183,33.6524,4602433.0,33.6311,22467
2020-09-02 04:00:00+00:00,33.9363,34.7856,33.6372,34.7172,4621837.6944,34.2437,26596
2020-09-03 04:00:00+00:00,34.0327,34.309,32.6535,33.2315,4052086.3611,33.2929,27044
2020-09-04 04:00:00+00:00,33.1301,33.5662,32.0096,32.7803,4594195.0278,32.6568,22755
2020-09-08 04:00:00+00:00,31.969,33.2518,31.7966,32.5268,5779372.3889,32.7519,26567
2020-09-09 04:00:00+00:00,33.0135,34.1645,32.8563,33.8907,6452779.7778,33.7377,28608
2020-09-10 04:00:00+00:00,34.0124,34.1355,32.978,33.1808,3999660.75,33.6018,25534
2020-09-11 04:00:00+00:00,33.3228,33.8451,33.0997,33.6625,3405363.1389,33.5553,19281
2020-09-14 04:00:00+00:00,33.9718,34.3696,33.7096,33.8958,4222095.8611,34.0359,22127
2020-09-15 04:00:00+00:00,34.2254,34.5448,33.8349,34.0225,2895900.6667,34.1992,17714
2020-09-16 04:00:00+00:00,34.3115,34.7628,34.1392,34.1594,4382729.4167,34.4304,25601
2020-09-17 04:00:00+00:00,33.6321,34.3014,33.2062,33.7487,4496958.5556,33.8152,19728
2020-09-18 04:00:00+00:00,33.7842,34.053,33.371,33.6524,21897871.2778,33.6642,27895
2020-09-21 04:00:00+00:00,32.8411,33.2214,32.3088,33.2113,4301854.5,32.9195,19091
2020-09-22 04:00:00+00:00,33.5256,33.6346,32.9425,33.622,2176292.0,33.3908,12112
2020-09-23 04:00:00+00:00,34.0834,34.1442,33.1352,33.267,4242841.6667,33.4668,18769
2020-09-24 04:00:00+00:00,33.0237,33.4496,32.6282,33.1454,3219988.0556,33.0839,17229
2020-09-25 04:00:00+00:00,32.9577,33.3938,32.7752,33.3228,2426028.5833,33.213,11109
2020-09-28 04:00:00+00:00,33.8755,34.2963,33.7031,34.129,3813617.0833,34.1117,19439
2020-09-29 04:00:00+00:00,34.2203,34.7273,33.9161,34.6817,2737592.3611,34.4766,16654
2020-09-30 04:00:00+00:00,34.6766,34.9236,34.058,34.3217,3309560.4722,34.4309,18681
2020-10-01 04:00:00+00:00,34.5701,34.7375,34.0327,34.2456,2204806.3889,34.2691,12754
2020-10-02 04:00:00+00:00,33.409,34.2913,33.3228,34.053,2018358.4167,34.0578,12032
2020-10-05 04:00:00+00:00,34.4231,34.6361,34.1239,34.5854,5003549.4722,34.4048,17995
2020-10-06 04:00:00+00:00,34.5245,34.9251,34.0732,34.2152,3817285.4167,34.5019,19043
2020-10-07 04:00:00+00:00,34.6361,34.6614,34.0073,34.1797,4234820.6389,34.1774,21634
2020-10-08 04:00:00+00:00,34.2254,35.1,34.1949,34.8135,4951421.6667,34.8007,20988
2020-10-09 04:00:00+00:00,35.0315,35.209,34.6513,34.6766,2318301.8611,34.864,12336
2020-10-12 04:00:00+00:00,34.8085,35.2445,34.7324,35.1127,1588662.4722,35.0327,9728
2020-10-13 04:00:00+00:00,35.493,36.0203,35.2648,35.7515,3233531.3056,35.6946,18645
2020-10-14 04:00:00+00:00,35.8732,36.2282,35.6349,35.8225,2101440.25,35.8786,13205
2020-10-15 04:00:00+00:00,35.2546,35.6958,34.9099,35.5132,2580879.5833,35.3923,14463
2020-10-16 04:00:00+00:00,35.9087,36.1065,35.5538,35.569,3027207.2778,35.6459,9631
2020-10-19 04:00:00+00:00,35.6958,35.9544,35.1025,35.2394,2110141.6944,35.4891,10227
2020-10-20 04:00:00+00:00,35.5589,35.6907,35.1735,35.1938,1506620.0,35.4289,10259
2020-10-21 04:00:00+00:00,35.351,35.7769,35.1659,35.4068,3795951.8889,35.4593,12205
2020-10-22 04:00:00+00:00,35.7059,35.7059,34.3648,34.8744,2031599.9167,34.9333,11606
2020-10-23 04:00:00+00:00,34.8541,34.9124,34.3977,34.5701,2629546.1389,34.5958,13589
2020-10-26 04:00:00+00:00,34.1493,34.2177,32.4203,32.8259,3932311.3333,33.0458,21484
2020-10-27 04:00:00+00:00,32.8563,32.9527,32.1921,32.2327,1886588.3333,32.4606,13135
2020-10-28 04:00:00+00:00,31.4569,31.6597,30.7623,30.7775,3514851.0556,31.0685,17702
2020-10-29 04:00:00+00:00,30.671,30.9448,30.3319,30.6862,3574201.1389,30.5892,18843
2020-10-30 04:00:00+00:00,30.6456,30.8637,29.8546,30.5544,3571787.1389,30.3889,16188
2020-11-02 05:00:00+00:00,31.0259,31.1628,30.453,30.5696,2232642.3333,30.7309,14769
2020-11-03 05:00:00+00:00,30.9651,31.8777,30.9346,31.3099,1696653.4722,31.422,12684
2020-11-04 05:00:00+00:00,31.6749,31.969,31.102,31.5532,3387766.9722,31.667,12077
2020-11-05 05:00:00+00:00,32.0451,32.7549,31.9437,32.7093,3024349.5278,32.437,17602
2020-11-06 05:00:00+00:00,32.8158,32.8966,32.1465,32.7499,1522624.5833,32.7028,9974
2020-11-09 05:00:00+00:00,33.4293,33.4901,32.547,32.5724,2995318.4167,33.0833,18405
2020-11-10 05:00:00+00:00,32.5217,33.0541,32.0806,32.76,3460766.8056,32.7686,17888
2020-11-11 05:00:00+00:00,33.0946,33.0946,32.4862,32.8969,1983333.7222,32.8371,12020
2020-11-12 05:00:00+00:00,32.8817,33.1758,32.4203,32.6637,2429294.5833,32.7409,14094
2020-11-13 05:00:00+00:00,32.9375,33.5611,32.8411,33.5206,2994312.5833,33.3632,11297
2020-11-16 05:00:00+00:00,33.7335,34.2304,33.267,34.1493,2853742.4444,34.0109,17041
2020-11-17 05:00:00+00:00,33.8907,34.5803,33.7487,34.4079,1991930.6389,34.3058,12188
2020-11-18 05:00:00+00:00,34.707,34.8693,34.1975,34.2761,2556747.4722,34.5569,19415
2020-11-19 05:00:00+00:00,34.2051,34.8439,33.8248,34.7324,4584539.0278,34.6155,14996
2020-11-20 05:00:00+00:00,34.8287,35.0823,34.631,34.6513,2876858.8611,34.7642,15679
2020-11-23 05:00:00+00:00,34.7831,35.4118,34.7527,35.1786,2947600.5,35.0967,15486
2020-11-24 05:00:00+00:00,35.493,35.7465,35.1887,35.6603,5827242.1667,35.6305,29213
2020-11-25 05:00:00+00:00,35.4068,35.4828,34.0986,35.1634,8787242.0278,34.7835,40866
2020-11-27 05:00:00+00:00,35.1685,35.6045,35.0011,35.4017,2778198.4444,35.4011,12671
2020-11-30 05:00:00+00:00,35.6146,35.7059,34.4839,35.0011,4777511.1111,35.0106,21791
2020-12-01 05:00:00+00:00,35.4169,35.8834,35.0163,35.7566,6871920.3889,35.5998,25926
2020-12-02 05:00:00+00:00,35.7972,36.0507,35.3256,35.7566,4751389.0278,35.7635,19413
2020-12-03 05:00:00+00:00,35.9087,36.2586,35.5386,35.9544,4454027.2222,36.0675,24757
2020-12-04 05:00:00+00:00,36.0203,36.649,35.8225,36.5577,5135092.75,36.294,23156
2020-12-07 05:00:00+00:00,36.6237,36.8315,35.4727,35.6856,6245059.4167,35.948,25306
2020-12-08 05:00:00+00:00,35.6552,36.4665,35.5639,36.4411,3675782.4167,36.1523,20706
2020-12-09 05:00:00+00:00,36.578,36.9989,36.0051,36.2687,4684899.5,36.4815,19149
2020-12-10 05:00:00+00:00,35.9746,36.6287,35.6501,36.5882,4936178.3611,36.4555,20608
2020-12-11 05:00:00+00:00,36.36,36.7824,36.0761,36.3245,2915265.9167,36.3559,14198
2020-12-14 05:00:00+00:00,36.507,36.9989,36.4665,36.7251,4286017.5556,36.7383,13467
2020-12-15 05:00:00+00:00,37.1763,37.4603,36.6993,37.3893,4001435.75,37.2353,18405
2020-12-16 05:00:00+00:00,37.4958,37.6682,37.3424,37.4552,3225561.5556,37.4841,17582
2020-12-17 05:00:00+00:00,37.6073,37.9369,37.5886,37.8811,3661326.0278,37.84,19602
2020-12-18 05:00:00+00:00,38.0282,38.2259,36.6997,36.9735,10005848.5556,37.189,30165
2020-12-21 05:00:00+00:00,36.6693,37.1865,36.0152,37.0445,3505175.3333,36.8249,18747
2020-12-22 05:00:00+00:00,37.369,37.4552,36.7859,36.8772,2619637.6944,37.0589,17387
2020-12-23 05:00:00+00:00,36.9634,37.4451,36.7048,37.2169,3274549.5833,37.1928,14830
2020-12-24 05:00:00+00:00,37.3994,37.4654,36.8848,37.009,3313936.8333,37.1069,13186
2020-12-28 05:00:00+00:00,37.293,37.3944,36.7276,36.938,6338996.3611,36.9483,30653
2020-12-29 05:00:00+00:00,36.9837,37.3792,36.1775,36.2535,8294539.5,36.5088,36764
2020-12-30 05:00:00+00:00,36.3448,37.0394,36.2637,36.7606,8702235.3056,36.7926,36826
2020-12-31 05:00:00+00:00,36.867,37.2017,36.4944,37.1611,2480570.3889,37.0089,12884
2021-01-04 05:00:00+00:00,37.4654,37.4654,36.3499,36.7555,6953501.3611,36.7437,24929
2021-01-05 05:00:00+00:00,36.4563,37.511,36.2535,37.2473,4243230.1944,37.0559,21043
2021-01-06 05:00:00+00:00,37.1763,38.1448,36.9659,37.5566,5173413.0278,37.7498,24642
2021-01-07 05:00:00+00:00,38.0282,38.7127,37.7899,38.7076,4583923.6944,38.5039,20317
2021-01-08 05:00:00+00:00,38.8394,39.2501,38.4085,39.1538,5347771.2778,38.8538,25438
2021-01-11 05:00:00+00:00,38.6721,38.9611,38.3476,38.3476,2968819.6389,38.617,15717
2021-01-12 05:00:00+00:00,38.4642,38.9206,38.3248,38.9155,2763893.9167,38.6881,18447
2021-01-13 05:00:00+00:00,37.9014,38.018,35.5842,36.1166,15174421.75,36.2101,67893
2021-01-14 05:00:00+00:00,36.1521,37.4451,36.1318,37.1408,8761753.0278,37.0742,37514
2021-01-15 05:00:00+00:00,37.0901,37.9775,36.9486,37.653,6569417.0,37.5883,28650
2021-01-19 05:00:00+00:00,37.8101,38.0434,37.6732,37.9572,4934714.9722,37.8938,20124
2021-01-20 05:00:00+00:00,38.5048,39.1335,37.9876,39.0676,6992549.3889,38.8102,25221
2021-01-21 05:00:00+00:00,39.3262,39.4073,38.4845,38.9915,4802733.8611,38.8855,23246
2021-01-22 05:00:00+00:00,38.4389,38.6265,38.0434,38.5048,2276589.3611,38.3424,15459
2021-01-25 05:00:00+00:00,38.7076,38.7254,37.2727,38.373,2714085.4444,38.1448,18436
2021-01-26 05:00:00+00:00,38.5352,38.7837,38.0028,38.5555,2543184.5,38.4551,16045
2021-01-27 05:00:00+00:00,37.8304,38.4034,37.1206,37.4501,5673641.5556,37.6996,32008
2021-01-28 05:00:00+00:00,37.44,38.1245,36.9532,37.4806,5247978.8056,37.5706,28681
2021-01-29 05:00:00+00:00,37.2372,37.8152,36.6946,36.9583,3775054.2222,37.0831,21862
2021-02-01 05:00:00+00:00,37.3437,37.8862,36.862,37.4958,3264556.3333,37.4152,21189
2021-02-02 05:00:00+00:00,39.0321,39.4124,38.7482,39.1285,8161400.6944,39.0811,38231
2021-02-03 05:00:00+00:00,38.9155,39.7166,38.9155,39.4225,2770394.3611,39.3743,22474
2021-02-04 05:00:00+00:00,39.6355,40.2287,39.5735,40.2135,2960214.8333,39.9788,17729
2021-02-05 05:00:00+00:00,40.3099,40.6039,40.1527,40.3656,3561174.6111,40.4204,18631
2021-02-08 05:00:00+00:00,40.5634,40.9234,40.3099,40.533,9896056.9167,40.5295,26281
2021-02-09 05:00:00+00:00,40.2085,40.5279,39.9549,40.3555,8510209.8889,40.3475,22357
2021-02-10 05:00:00+00:00,40.4772,40.5634,39.7623,40.3504,9626751.9444,40.3381,14865
2021-02-11 05:00:00+00:00,40.4823,40.6242,39.4737,40.3099,3096248.8611,40.0924,18281
2021-02-12 05:00:00+00:00,40.3301,40.5938,39.9803,40.5887,3521106.9444,40.3571,17992
2021-02-16 05:00:00+00:00,40.9538,41.0248,39.7876,40.2794,6211306.8056,40.3,18724
2021-02-17 05:00:00+00:00,39.9752,40.5482,39.8561,40.1882,3627750.9167,40.1655,17511
2021-02-18 05:00:00+00:00,39.9144,40.8321,39.6355,40.4062,3046890.0556,40.3352,16809
2021-02-19 05:00:00+00:00,40.898,41.2327,40.5837,40.9538,3304073.75,40.9611,16940
2021-02-22 05:00:00+00:00,40.9031,41.5673,40.3301,40.9538,5772361.1389,41.0383,20261
2021-02-23 05:00:00+00:00,40.5634,41.007,39.058,40.8473,5083941.1944,40.5169,24715
2021-02-24 05:00:00+00:00,40.9639,41.5369,40.7713,41.4203,3996487.4444,41.3192,21528
2021-02-25 05:00:00+00:00,41.0704,41.3746,40.0411,40.4011,5623616.1389,40.6144,33038
2021-02-26 05:00:00+00:00,40.9082,42.1808,40.5634,41.1059,6983997.8333,41.4473,40434
2021-03-01 05:00:00+00:00,41.111,42.3076,41.111,42.1301,4707682.6111,41.9929,20657
2021-03-02 05:00:00+00:00,42.0845,42.3735,41.6485,41.9375,2954854.3333,42.028,17750
2021-03-03 05:00:00+00:00,42.1251,42.6777,41.8513,42.3887,5867244.75,42.2792,25534
2021-03-04 05:00:00+00:00,42.2975,42.7944,41.2935,41.9831,5440327.6667,41.9681,33561
2021-03-05 05:00:00+00:00,42.5256,43.4485,42.2721,43.2761,6978363.1944,43.0161,37272
2021-03-08 05:00:00+00:00,43.5651,43.9555,43.0682,43.1544,6906775.4722,43.4124,31070
2021-03-09 05:00:00+00:00,43.6513,44.5487,43.6056,43.8541,4347901.9444,44.0004,26287
2021-03-10 05:00:00+00:00,44.0772,44.6755,43.9859,44.4575,4431050.8333,44.4095,26308
2021-03-11 05:00:00+00:00,44.6197,45.3651,44.6197,44.9341,7466884.6111,45.1004,28982
2021-03-12 05:00:00+00:00,44.8834,45.0456,44.4473,45.0355,2926148.6389,44.8851,18532
2021-03-15 04:00:00+00:00,44.9949,45.289,44.7313,45.2789,5685737.1944,45.1792,18773
2021-03-16 04:00:00+00:00,45.3803,45.5273,44.7515,45.1673,5984162.0278,45.1307,28958
2021-03-17 04:00:00+00:00,45.0152,46.3995,44.6856,46.2828,6228591.3611,45.7986,28808
2021-03-18 04:00:00+00:00,45.867,45.867,44.6451,44.6755,6257372.0,45.078,30483
2021-03-19 04:00:00+00:00,44.4777,45.0051,44.3915,44.4321,7894620.1667,44.6069,32087
2021-03-22 04:00:00+00:00,44.3307,44.7617,44.0772,44.2901,6336371.3333,44.4312,30496
2021-03-23 04:00:00+00:00,44.1532,44.5918,42.9997,43.4789,5347301.8889,43.7869,28965
2021-03-24 04:00:00+00:00,43.773,44.3155,43.5245,43.7831,5533911.5833,43.9028,25611
2021-03-25 04:00:00+00:00,43.1797,44.062,43.0479,43.6006,3490774.1667,43.5824,25855
2021-03-26 04:00:00+00:00,43.9454,45.1268,43.7121,45.1217,5248292.3889,44.7986,20416
2021-03-29 04:00:00+00:00,44.9594,45.4462,44.5031,44.7262,4172930.3333,44.9452,24501
2021-03-30 04:00:00+00:00,44.4575,45.1521,44.422,44.9189,4633075.4167,44.8664,18147
2021-03-31 04:00:00+00:00,44.9493,45.1268,44.5893,44.6958,3272760.7778,44.8313,20407
2021-04-01 04:00:00+00:00,44.7617,45.2941,44.6654,45.1673,3963924.0833,45.0666,17340
2021-04-05 04:00:00+00:00,45.2485,45.5425,45.1014,45.3093,5103683.1389,45.331,23236
2021-04-06 04:00:00+00:00,45.3448,45.6186,45.1268,45.3701,4984476.1111,45.3939,22516
2021-04-07 04:00:00+00:00,45.4411,46.8558,45.4411,46.3994,5652347.4722,46.4255,26832
2021-04-08 04:00:00+00:00,46.8,47.0941,45.9304,46.942,7007356.8333,46.8044,21528
2021-04-09 04:00:00+00:00,46.8,47.667,46.7189,47.6011,4057517.8611,47.3783,20824
2021-04-12 04:00:00+00:00,47.0282,47.6823,46.9252,47.3831,4170175.1389,47.3681,24765
2021-04-13 04:00:00+00:00,47.4997,47.4997,46.8406,46.9166,3373754.3333,47.0088,16661
2021-04-14 04:00:00+00:00,46.9876,47.4135,46.9263,47.0028,5652205.4722,47.8905,20010
2021-04-15 04:00:00+00:00,49.7206,51.3279,48.3363,50.1566,26756176.4444,50.2793,120788
2021-04-16 04:00:00+00:00,50.5673,51.8045,50.3087,51.4242,11416563.3333,51.2376,55601
2021-04-19 04:00:00+00:00,51.4141,52.631,51.1403,52.4383,7512383.7778,52.1835,41461
2021-04-20 04:00:00+00:00,52.4535,52.489,51.2873,51.4546,5508659.25,51.56,27787
2021-04-21 04:00:00+00:00,51.3482,51.8806,51.2265,51.4192,4780286.0278,51.5497,28639
2021-04-22 04:00:00+00:00,51.409,51.7234,50.76,50.9527,3173088.6111,51.2126,21317
2021-04-23 04:00:00+00:00,51.2011,51.6118,50.9527,51.4192,5757374.2222,51.3877,19009
2021-04-26 04:00:00+00:00,51.4394,51.5814,50.7854,50.8969,5040706.1389,50.9892,16975
2021-04-27 04:00:00+00:00,50.8462,51.3786,50.8112,51.0642,3859769.0556,51.0313,18581
2021-04-28 04:00:00+00:00,51.1859,51.1859,50.3848,50.4101,1773611.5556,50.6434,14599
2021-04-29 04:00:00+00:00,50.7803,51.0794,50.4304,50.7042,2921957.6667,50.6748,18057
2021-04-30 04:00:00+00:00,50.5115,50.5623,49.7662,49.8575,2470514.0278,49.9916,15938
2021-05-03 04:00:00+00:00,50.2986,50.4558,49.5127,49.5786,5217606.5833,49.7367,24561
2021-05-04 04:00:00+00:00,49.1831,49.2896,48.6051,48.9397,4092337.4444,48.9104,26571
2021-05-05 04:00:00+00:00,49.32,50.0552,48.9499,49.893,4201415.1389,49.6954,22252
2021-05-06 04:00:00+00:00,49.9792,50.618,49.5634,50.5876,3637604.1389,50.2223,22425
2021-05-07 04:00:00+00:00,50.7042,51.5662,50.5876,51.2417,4184574.3333,51.2285,23862
2021-05-10 04:00:00+00:00,51.2366,51.338,50.4963,50.542,3205659.8611,50.676,21841
2021-05-11 04:00:00+00:00,49.0513,49.751,48.6608,49.5989,7135701.1667,49.4309,28481
2021-05-12 04:00:00+00:00,49.1882,49.4315,47.6468,47.7076,4967570.2222,48.0718,25009
2021-05-13 04:00:00+00:00,48.1538,49.1577,47.9763,48.8789,2988025.1389,48.7453,23370
2021-05-14 04:00:00+00:00,49.4975,49.9589,49.2953,49.9082,1898717.5,49.7857,13632
2021-05-17 04:00:00+00:00,49.6901,50.1211,49.5183,49.8879,2347867.4444,49.8541,14256
2021-05-18 04:00:00+00:00,50.073,50.2124,49.5938,49.7662,1891258.5556,49.8475,15217
2021-05-19 04:00:00+00:00,48.889,49.4721,48.3718,49.0817,3052785.0278,48.9489,21802
2021-05-20 04:00:00+00:00,49.2338,50.2428,49.2085,49.9994,2819867.5556,49.8703,18264
2021-05-21 04:00:00+00:00,50.4152,50.5521,49.8473,49.9285,2314000.4444,50.0374,16818
2021-05-24 04:00:00+00:00,50.3544,51.0389,50.2656,50.7752,3683870.5,50.7395,22461
2021-05-25 04:00:00+00:00,51.0592,51.1808,50.4203,50.4558,4097814.3056,50.5972,21660
2021-05-26 04:00:00+00:00,50.5268,50.9324,50.3797,50.5318,3346904.5,50.5444,17556
2021-05-27 04:00:00+00:00,50.8107,50.9352,50.1921,50.5521,6554491.2222,50.5171,24394
2021-05-28 04:00:00+00:00,50.0324,50.5673,48.2907,50.0146,6583070.6944,49.5469,41191
2021-06-01 04:00:00+00:00,50.4963,52.2152,50.4152,52.1493,8290143.4167,51.6443,42027
2021-06-02 04:00:00+00:00,52.2,52.3927,51.1048,51.1048,4823465.8611,51.6106,31325
2021-06-03 04:00:00+00:00,50.8462,51.698,50.3392,51.5459,5121466.6667,51.3353,25086
2021-06-04 04:00:00+00:00,51.7487,52.5144,51.6068,52.4941,4355183.3889,52.2071,26141
2021-06-07 04:00:00+00:00,52.8237,52.9352,51.9262,52.1442,2481925.3056,52.2691,18389
2021-06-08 04:00:00+00:00,52.1899,52.8186,52.1392,52.6868,2753086.1389,52.6033,22708
2021-06-09 04:00:00+00:00,52.8389,52.9175,52.3623,52.7121,2283718.9444,52.629,14367
2021-06-10 04:00:00+00:00,52.6817,53.0468,52.4687,52.6259,3455751.4444,52.7398,24260
2021-06-11 04:00:00+00:00,52.4789,52.7882,51.622,52.7223,3876968.8056,52.3313,25577
2021-06-14 04:00:00+00:00,52.7324,52.8439,51.8425,52.0935,3706870.5556,52.116,16083
2021-06-15 04:00:00+00:00,52.1645,52.3825,51.9085,52.1544,2100623.75,52.1381,13069
2021-06-16 04:00:00+00:00,52.0783,52.4332,51.7183,52.0986,3339060.9722,52.1533,22237
2021-06-17 04:00:00+00:00,52.0986,52.0986,50.4304,50.5268,5084568.3611,50.9149,28969
2021-06-18 04:00:00+00:00,49.8118,50.1211,49.3555,49.9792,5618003.1944,49.8863,25951
2021-06-21 04:00:00+00:00,50.3189,50.7854,50.2327,50.7042,3675366.2778,50.6491,22236
2021-06-22 04:00:00+00:00,50.7042,50.7042,50.1972,50.5825,2230725.3333,50.4961,21142
2021-06-23 04:00:00+00:00,50.5521,50.6231,50.1972,50.3087,2412931.0556,50.427,14497
2021-06-24 04:00:00+00:00,50.7042,50.7042,49.9944,50.2377,7367946.1111,50.2758,18395
2021-06-25 04:00:00+00:00,50.4507,50.6028,50.329,50.4507,9303601.3611,50.4642,21360
2021-06-28 04:00:00+00:00,50.4507,50.8056,50.3645,50.5775,8007815.8611,50.6245,23404
2021-06-29 04:00:00+00:00,50.6028,51.8704,50.3848,51.8197,8241979.7778,50.9936,29873
2021-06-30 04:00:00+00:00,51.3634,51.551,50.5014,50.5369,5825808.3611,50.8103,33409
2021-07-01 04:00:00+00:00,50.2479,50.4101,49.6394,50.04,5651089.1944,50.0329,25635
2021-07-02 04:00:00+00:00,50.2732,50.5521,49.6394,50.3848,4081671.6667,50.2156,19901
2021-07-06 04:00:00+00:00,50.3544,50.8056,49.7459,49.8777,3640120.6944,50.0458,19592
2021-07-07 04:00:00+00:00,50.1769,50.7397,49.8625,50.4456,3093458.1667,50.4511,19553
2021-07-08 04:00:00+00:00,49.7003,50.547,49.5051,50.1972,3569171.9722,50.1608,20101
2021-07-09 04:00:00+00:00,50.3493,51.1403,50.3087,50.831,5170306.7778,50.8517,21228
2021-07-12 04:00:00+00:00,50.76,50.76,49.2389,49.249,4124320.9722,49.6047,25678
2021-07-13 04:00:00+00:00,49.0563,49.0715,47.5251,47.5403,7030984.0556,48.0467,40693
2021-07-14 04:00:00+00:00,47.9662,48.5873,47.2259,47.3577,5211530.1667,47.6331,28018
2021-07-15 04:00:00+00:00,47.1245,47.5175,46.7645,47.4794,5233171.3611,47.3148,27350
2021-07-16 04:00:00+00:00,47.7685,47.8141,46.7594,46.7949,3918168.5278,47.0784,20863
2021-07-19 04:00:00+00:00,46.0546,47.2918,45.9279,47.0941,4396927.4444,46.9086,25158
2021-07-20 04:00:00+00:00,47.3628,48.6456,47.3324,48.3566,4959369.7222,48.2812,27374
2021-07-21 04:00:00+00:00,48.5239,49.031,48.2299,48.7825,3328896.1389,48.7814,19010
2021-07-22 04:00:00+00:00,48.9194,48.9904,48.273,48.6456,2772037.2222,48.5566,14774
2021-07-23 04:00:00+00:00,48.6761,49.031,48.4682,48.9549,2078874.0833,48.844,14757
2021-07-26 04:00:00+00:00,49.0411,49.2287,48.813,48.9093,2496675.5556,48.9479,16238
2021-07-27 04:00:00+00:00,48.4834,48.8687,48.1437,48.7268,1770619.6944,48.5764,16443
2021-07-28 04:00:00+00:00,48.8028,48.9803,48.5797,48.6203,1179720.2222,48.7645,10255
2021-07-29 04:00:00+00:00,48.8485,49.1375,48.453,49.0766,1576294.6667,48.9299,12367
2021-07-30 04:00:00+00:00,48.8637,49.3194,48.6963,48.9904,1586260.3056,48.9886,9316
2021-08-02 04:00:00+00:00,49.2237,49.249,48.6685,48.8231,2404892.2778,48.8519,14262
2021-08-03 04:00:00+00:00,49.0614,50.1008,48.7369,49.9082,3139253.1667,49.7906,17788
2021-08-04 04:00:00+00:00,49.6851,49.7408,49.2592,49.3808,1652860.2778,49.425,11820
2021-08-05 04:00:00+00:00,49.6901,49.9944,49.4772,49.8625,1728544.3056,49.7985,12222
2021-08-06 04:00:00+00:00,49.8828,50.1034,49.7256,49.9639,1463897.7222,49.966,9273
2021-08-09 04:00:00+00:00,49.6193,50.0755,49.4924,49.9437,2085459.3333,49.9144,9835
2021-08-10 04:00:00+00:00,50.1718,50.2808,49.7611,49.9031,1716628.1389,49.9849,12274
2021-08-11 04:00:00+00:00,49.9031,50.9476,49.9031,50.8918,2432120.7778,50.6859,16067
2021-08-12 04:00:00+00:00,50.9223,51.1099,50.5014,50.9628,2041739.1111,50.9172,12329
2021-08-13 04:00:00+00:00,50.9628,51.1251,50.5268,50.7194,2550978.7222,50.7657,13161
2021-08-16 04:00:00+00:00,50.4608,50.6332,49.9639,50.5268,1773120.4722,50.4268,11902
2021-08-17 04:00:00+00:00,50.2783,50.329,49.2339,49.5989,2404067.8889,49.64,18040
2021-08-18 04:00:00+00:00,49.3859,49.741,49.1527,49.1628,1565453.3611,49.4345,12093
2021-08-19 04:00:00+00:00,48.6761,49.1577,48.4276,48.7876,2247676.5833,48.8673,16806
2021-08-20 04:00:00+00:00,49.3707,50.1668,49.1932,49.9437,3036589.1389,49.8091,20044
2021-08-23 04:00:00+00:00,50.1769,50.9375,49.9031,50.7651,3251557.4167,50.6565,22674
2021-08-24 04:00:00+00:00,51.2113,51.3583,50.6485,51.0794,4842296.6389,51.0494,21369
2021-08-25 04:00:00+00:00,50.9223,51.9363,50.7803,51.7487,3475126.5556,51.5918,19659
2021-08-26 04:00:00+00:00,51.9718,52.065,51.267,51.4901,4154612.3333,51.5979,27885
2021-08-27 04:00:00+00:00,50.0248,51.4445,48.1741,49.1577,10629786.6944,49.2281,60001
2021-08-30 04:00:00+00:00,49.467,50.2276,48.8789,49.7662,5720389.1389,49.6258,32209
2021-08-31 04:00:00+00:00,49.751,49.9183,49.2845,49.4163,4846057.6667,49.5243,24112
2021-09-01 04:00:00+00:00,49.4518,49.6749,49.0411,49.0563,3566799.3889,49.3179,23730
2021-09-02 04:00:00+00:00,49.1983,49.6039,48.9296,49.2186,4293880.8056,49.136,15903
2021-09-03 04:00:00+00:00,49.2186,49.6832,49.1324,49.2541,5027981.3611,49.2528,14225
2021-09-07 04:00:00+00:00,49.0817,49.2848,48.6,48.6811,5138488.9167,48.7142,15996
2021-09-08 04:00:00+00:00,48.6,48.7927,47.7456,48.1132,3879585.9444,48.0826,23537
2021-09-09 04:00:00+00:00,47.9307,49.0814,47.9307,48.8687,3653427.2778,48.761,24451
2021-09-10 04:00:00+00:00,49.1476,49.2744,48.1792,48.2907,4061271.0,48.4387,25480
2021-09-13 04:00:00+00:00,49.8879,50.4,49.4674,50.1414,11836250.25,50.0201,53733
2021-09-14 04:00:00+00:00,50.111,50.1465,49.2693,49.4062,5583832.4722,49.5601,27353
2021-09-15 04:00:00+00:00,49.4924,51.0794,49.3149,50.9273,5838087.4167,50.4718,32167
2021-09-16 04:00:00+00:00,50.8107,51.5104,50.6434,51.4141,5475920.3611,51.2035,34970
2021-09-17 04:00:00+00:00,51.4192,51.7893,49.9741,50.973,9061950.8889,50.8845,38902
2021-09-20 04:00:00+00:00,50.1211,51.7639,50.0958,51.1454,8213922.9444,50.9108,40983
2021-09-21 04:00:00+00:00,51.7183,51.8197,50.111,50.3696,5473553.6944,50.6631,30563
2021-09-22 04:00:00+00:00,50.5673,50.6535,49.6546,50.3341,5754735.3889,50.3009,31190
2021-09-23 04:00:00+00:00,51.0997,53.3561,50.1972,52.0682,11644613.3611,52.2463,56568
2021-09-24 04:00:00+00:00,52.0377,52.7831,52.0225,52.6715,6313696.6944,52.6179,29867
2021-09-27 04:00:00+00:00,52.4434,53.2851,52.418,53.1735,4291155.1944,52.9526,25562
2021-09-28 04:00:00+00:00,52.8338,53.5842,52.7476,53.3865,4101961.8889,53.2675,28671
2021-09-29 04:00:00+00:00,53.5437,53.8758,52.6868,53.4321,4776270.5833,53.385,27365
2021-09-30 04:00:00+00:00,53.569,53.6704,52.0783,52.7527,4885545.5,52.8476,27265
2021-10-01 04:00:00+00:00,53.0315,53.8732,52.7983,53.6349,3767449.3333,53.4682,23611
2021-10-04 04:00:00+00:00,53.7718,54.0355,52.9454,53.3611,4090440.1667,53.3862,26409
2021-10-05 04:00:00+00:00,53.7008,53.9746,53.1025,53.711,3351831.1111,53.6757,20509
2021-10-06 04:00:00+00:00,53.0265,53.5949,52.702,53.493,3063001.1389,53.2634,20515
2021-10-07 04:00:00+00:00,53.8225,54.4969,53.5335,54.2789,4103665.8889,54.1335,23692
2021-10-08 04:00:00+00:00,54.4969,54.7099,52.8642,53.2699,5314046.2778,53.3519,27726
2021-10-11 04:00:00+00:00,53.3003,53.8834,53.0721,53.3408,2771266.0833,53.5023,16378
2021-10-12 04:00:00+00:00,53.3054,53.5082,52.418,52.6056,3829140.4444,52.7788,19358
2021-10-13 04:00:00+00:00,52.7375,53.062,52.2,52.5701,5374911.0278,52.6713,24510
2021-10-14 04:00:00+00:00,52.8541,53.9691,52.8186,53.7465,3617187.6944,53.6609,20001
2021-10-15 04:00:00+00:00,54.1217,54.7454,53.8783,54.6135,3343772.6111,54.4983,21708
2021-10-18 04:00:00+00:00,54.9887,55.6175,54.862,55.0901,5003103.75,55.2154,28790
2021-10-19 04:00:00+00:00,55.369,56.2563,55.0901,56.1854,7433956.3889,55.8349,41954
2021-10-20 04:00:00+00:00,56.373,56.7735,56.1397,56.6011,7431802.7222,56.4931,36603
2021-10-21 04:00:00+00:00,56.5352,57.5493,56.3172,57.2856,7326896.2778,57.1056,40377
2021-10-22 04:00:00+00:00,57.2146,58.1932,57.1183,58.0766,5249243.0,57.8657,32296
2021-10-25 04:00:00+00:00,58.2085,58.3099,56.8901,56.9358,13380634.3611,57.1997,46154
2021-10-26 04:00:00+00:00,57.1031,57.2197,55.8456,55.8811,5856438.9444,56.3388,33506
2021-10-27 04:00:00+00:00,55.6682,55.8761,54.72,54.9583,7102291.7222,55.0741,37024
2021-10-28 04:00:00+00:00,55.653,55.9927,55.1611,55.8152,6542624.3611,55.6437,40039
2021-10-29 04:00:00+00:00,55.3792,56.7127,55.3792,55.7696,8910010.8889,55.9863,34630
2021-11-01 04:00:00+00:00,55.4451,56.5707,55.4451,56.5403,6632520.2222,56.2679,37373
2021-11-02 04:00:00+00:00,56.66,57.34,53.01,54.61,18238303.0,54.7221,144230
2021-11-03 04:00:00+00:00,55.01,55.34,54.27,55.2,9922427.0,54.9515,74487
2021-11-04 04:00:00+00:00,55.02,55.45,53.76,54.57,5980590.0,54.6776,59108
2021-11-05 04:00:00+00:00,54.81,56.43,54.59,56.36,7548502.0,55.8824,57857
2021-11-08 05:00:00+00:00,56.37,56.72,55.27,55.53,4450598.0,55.7649,42432
2021-11-09 05:00:00+00:00,55.45,56.28,55.01,56.08,3980051.0,55.9556,37483
2021-11-10 05:00:00+00:00,55.95,57.18,55.915,56.62,5205307.0,56.6327,39700
2021-11-11 05:00:00+00:00,56.73,57.175,55.98,56.19,3695308.0,56.3777,25934
2021-11-12 05:00:00+00:00,56.36,56.58,55.835,56.0,3945625.0,56.0598,30158
2021-11-15 05:00:00+00:00,56.47,57.54,56.28,56.7,7123936.0,56.6438,40600
2021-11-16 05:00:00+00:00,56.75,57.12,56.51,56.7,6305691.0,56.7912,33166
2021-11-17 05:00:00+00:00,56.9,57.2,55.9501,56.0,3566577.0,56.2372,28671
2021-11-18 05:00:00+00:00,55.91,56.68,55.54,55.9,5020282.0,55.9002,35336
2021-11-19 05:00:00+00:00,55.86,56.0,54.965,55.02,3830493.0,55.3237,33014
2021-11-22 05:00:00+00:00,55.33,55.68,54.315,55.13,6229593.0,55.0875,56396
2021-11-23 05:00:00+00:00,54.97,55.22,54.201,54.67,4646692.0,54.7469,44732
2021-11-24 05:00:00+00:00,55.35,58.0,54.8,57.3,13025075.0,57.2036,96930
2021-11-26 05:00:00+00:00,56.5,57.73,55.99,56.18,3858621.0,56.6044,34375
2021-11-29 05:00:00+00:00,57.05,57.87,56.4572,57.57,5353615.0,57.3686,48390
2021-11-30 05:00:00+00:00,57.53,57.85,55.72,56.47,9760586.0,56.6283,59088
2021-12-01 05:00:00+00:00,56.99,57.25,55.575,55.7,6302142.0,56.53,58321
2021-12-02 05:00:00+00:00,55.5,57.27,55.5,57.15,6671083.0,56.7541,59630
2021-12-03 05:00:00+00:00,57.5,58.64,57.43,58.48,8107211.0,58.0541,66136
2021-12-06 05:00:00+00:00,58.75,59.3,58.14,58.75,5165047.0,58.8659,47656
2021-12-07 05:00:00+00:00,59.25,59.49,58.2,58.91,4197531.0,58.9364,32011
2021-12-08 05:00:00+00:00,59.0,59.0,57.92,58.4,3505897.0,58.4404,30754
2021-12-09 05:00:00+00:00,58.35,58.58,57.59,57.65,4444983.0,57.9875,34235
2021-12-10 05:00:00+00:00,57.66,58.07,57.11,57.6,3037394.0,57.5509,31083
2021-12-13 05:00:00+00:00,57.15,57.49,55.66,55.72,3542392.0,56.1165,31130
2021-12-14 05:00:00+00:00,54.69,55.16,54.26,54.63,4771540.0,54.6655,39140
2021-12-15 05:00:00+00:00,55.04,56.07,54.45,56.04,3518136.0,55.3535,30891
2021-12-16 05:00:00+00:00,56.25,56.437,54.95,54.99,2863343.0,55.4867,32772
2021-12-17 05:00:00+00:00,54.92,55.03,54.06,54.65,5388979.0,54.6065,39385
2021-12-20 05:00:00+00:00,54.01,54.17,53.08,53.6,3697458.0,53.5055,34063
2021-12-21 05:00:00+00:00,54.32,55.48,53.94,55.45,3567227.0,55.0128,26520
2021-12-22 05:00:00+00:00,55.32,55.75,54.84,55.37,3787359.0,55.1771,32568
2021-12-23 05:00:00+00:00,55.6,56.245,55.43,55.88,2885881.0,55.9563,25607
2021-12-27 05:00:00+00:00,56.05,56.775,56.05,56.6,2009408.0,56.5558,17978
2021-12-28 05:00:00+00:00,56.55,57.34,56.55,56.95,2353781.0,57.0078,22099
2021-12-29 05:00:00+00:00,57.01,57.8,56.99,57.05,2207832.0,57.3072,22929
2021-12-30 05:00:00+00:00,57.01,57.12,56.46,56.51,1581322.0,56.7878,19558
2021-12-31 05:00:00+00:00,56.43,56.68,56.155,56.17,1252943.0,56.338,12003
2022-01-03 05:00:00+00:00,56.16,57.095,56.15,56.98,2906777.0,56.7564,24904
2022-01-04 05:00:00+00:00,57.25,59.0,57.25,58.49,5745654.0,58.4138,43033
2022-01-05 05:00:00+00:00,58.37,59.5,57.865,57.98,6049085.0,58.6102,45413
2022-01-06 05:00:00+00:00,57.98,58.7,57.58,58.04,3751287.0,58.1442,32464
2022-01-07 05:00:00+00:00,58.1,58.47,57.32,57.99,3516191.0,57.9204,24796
2022-01-10 05:00:00+00:00,59.165,60.01,58.61,59.88,10511618.0,59.5538,70206
2022-01-11 05:00:00+00:00,60.0,60.6773,59.73,60.25,7313480.0,60.2185,41470
2022-01-12 05:00:00+00:00,60.45,60.5101,59.12,59.95,3098059.0,59.8404,26298
2022-01-13 05:00:00+00:00,60.5,60.73,59.87,60.17,4133003.0,60.2568,32642
2022-01-14 05:00:00+00:00,59.98,60.77,59.64,60.53,5790625.0,60.4343,34140
2022-01-18 05:00:00+00:00,60.28,60.81,59.4,59.48,5054233.0,60.0302,38854
2022-01-19 05:00:00+00:00,60.0,60.46,57.93,57.96,3957540.0,58.9491,37457
2022-01-20 05:00:00+00:00,58.23,59.045,57.345,57.4,2893882.0,58.2462,32431
2022-01-21 05:00:00+00:00,57.23,57.25,55.26,55.57,4212116.0,56.0812,38049
2022-01-24 05:00:00+00:00,54.78,55.59,53.43,55.42,5523740.0,54.5856,51301
2022-01-25 05:00:00+00:00,54.85,56.03,53.6,55.44,4421920.0,55.0679,40567
2022-01-26 05:00:00+00:00,56.19,56.73,54.95,55.34,3126660.0,56.0148,31720
2022-01-27 05:00:00+00:00,55.835,57.6,55.05,55.45,4359743.0,55.9868,42050
2022-01-28 05:00:00+00:00,55.45,56.38,54.7101,56.24,3920545.0,55.6747,33826
2022-01-31 05:00:00+00:00,56.22,56.81,55.945,56.81,3318993.0,56.4559,31285
2022-02-01 05:00:00+00:00,56.88,58.62,56.49,58.57,3395185.0,57.8081,32392
2022-02-02 05:00:00+00:00,58.99,59.71,58.66,59.4,3886692.0,59.364,34383
2022-02-03 05:00:00+00:00,58.91,60.1,58.84,59.2,2814897.0,59.5983,26797
2022-02-04 05:00:00+00:00,59.08,59.31,58.25,58.74,1952084.0,58.8868,20411
2022-02-07 05:00:00+00:00,59.08,59.63,58.84,58.96,2132526.0,59.0839,22873
2022-02-08 05:00:00+00:00,59.11,60.03,58.62,59.95,2933488.0,59.7532,23950
2022-02-09 05:00:00+00:00,60.29,61.0,60.055,60.77,3346881.0,60.6202,32713
2022-02-10 05:00:00+00:00,60.44,61.54,60.14,60.72,3676756.0,60.9758,31741
2022-02-11 05:00:00+00:00,60.75,61.3,59.35,59.51,2449937.0,60.3609,26610
2022-02-14 05:00:00+00:00,59.2,59.65,58.23,58.6,2902541.0,58.8545,30410
2022-02-15 05:00:00+00:00,58.9,60.43,58.86,59.82,3401074.0,59.8268,24752
2022-02-16 05:00:00+00:00,59.36,60.535,59.33,60.29,3001694.0,60.0262,23709
2022-02-17 05:00:00+00:00,60.22,60.37,59.24,59.26,2716331.0,59.6549,25708
2022-02-18 05:00:00+00:00,59.25,59.91,58.76,58.9,3198015.0,59.1682,28755
2022-02-22 05:00:00+00:00,58.35,59.03,56.91,57.13,3316468.0,57.7216,34420
2022-02-23 05:00:00+00:00,57.69,58.38,56.55,56.78,3477439.0,57.2573,34952
2022-02-24 05:00:00+00:00,55.09,55.96,54.37,55.84,6516014.0,55.0176,73402
2022-02-25 05:00:00+00:00,50.75,53.05,49.16,51.46,14711058.0,51.2227,127643
2022-02-28 05:00:00+00:00,50.81,52.01,50.31,50.96,6844403.0,51.0593,64618
2022-03-01 05:00:00+00:00,50.02,50.54,49.6,49.88,5359817.0,50.0573,56387
2022-03-02 05:00:00+00:00,50.47,53.85,50.27,53.6,6072267.0,52.9672,64055
2022-03-03 05:00:00+00:00,53.38,53.95,52.465,52.59,4004247.0,52.8835,39665
2022-03-04 05:00:00+00:00,52.08,52.49,51.4,51.96,2984614.0,51.9158,31159
2022-03-07 05:00:00+00:00,51.42,51.74,48.98,49.33,4649796.0,49.8095,42790
2022-03-08 05:00:00+00:00,49.75,51.52,49.05,50.24,5920803.0,50.2294,48418
2022-03-09 05:00:00+00:00,51.45,52.555,51.13,51.98,4199789.0,52.0764,38183
2022-03-10 05:00:00+00:00,51.31,52.2,51.03,51.97,3590435.0,51.6552,32762
2022-03-11 05:00:00+00:00,52.0,52.73,51.54,52.01,2977486.0,52.0777,30667
2022-03-14 04:00:00+00:00,51.86,52.56,50.38,50.74,3406394.0,51.1373,36992
2022-03-15 04:00:00+00:00,50.74,52.2,50.56,52.08,2477438.0,51.6469,26871
2022-03-16 04:00:00+00:00,51.52,52.43,50.62,51.97,5130671.0,51.7967,45693
2022-03-17 04:00:00+00:00,51.43,51.46,49.52,50.51,5634252.0,50.2754,50637
2022-03-18 04:00:00+00:00,50.41,51.89,50.03,51.83,4907179.0,51.203,38921
2022-03-21 04:00:00+00:00,51.75,52.97,51.68,52.32,3853451.0,52.3474,35223
2022-03-22 04:00:00+00:00,52.44,53.33,52.3,52.99,2764921.0,52.8698,27476
2022-03-23 04:00:00+00:00,52.57,53.39,52.5,52.6,2895859.0,52.8633,27072
2022-03-24 04:00:00+00:00,52.63,53.85,52.43,53.51,2806082.0,53.3952,28717
2022-03-25 04:00:00+00:00,53.5,54.88,53.3602,54.79,3715398.0,54.3034,31727
2022-03-28 04:00:00+00:00,54.25,54.58,53.72,54.3,2892084.0,54.1585,32039
2022-03-29 04:00:00+00:00,54.79,55.3,54.31,55.03,3417839.0,54.828,30922
2022-03-30 04:00:00+00:00,54.7,55.25,54.18,54.32,2829016.0,54.6504,26658
2022-03-31 04:00:00+00:00,51.3,51.6672,50.17,50.19,6459335.0,50.9007,54228
2022-04-01 04:00:00+00:00,48.57,49.0,47.61,48.8,8086340.0,48.6007,67077
2022-04-04 04:00:00+00:00,48.94,49.84,48.75,49.38,3327174.0,49.3216,31310
2022-04-05 04:00:00+00:00,48.86,49.59,48.655,48.66,3335211.0,48.9852,36048
2022-04-06 04:00:00+00:00,48.24,48.44,46.75,47.12,6815262.0,47.506,52513
2022-04-07 04:00:00+00:00,47.52,48.71,46.93,47.69,6182882.0,47.7228,54944
2022-04-08 04:00:00+00:00,47.44,48.1,47.12,47.39,3707709.0,47.5756,35716
2022-04-11 04:00:00+00:00,46.93,48.03,46.75,46.95,3663048.0,47.1939,32049
2022-04-12 04:00:00+00:00,47.03,47.78,47.01,47.1,3970197.0,47.3427,40587
2022-04-13 04:00:00+00:00,46.94,47.72,46.91,47.31,3200265.0,47.3421,32330
2022-04-14 04:00:00+00:00,47.16,47.69,46.89,46.94,3678232.0,47.211,32402
2022-04-18 04:00:00+00:00,46.7,47.82,46.63,47.44,3565235.0,47.4809,32516
2022-04-19 04:00:00+00:00,47.15,48.15,47.07,47.99,4394142.0,47.8622,29691
2022-04-20 04:00:00+00:00,48.5,49.6215,48.5,49.0,3040095.0,49.2274,32456
2022-04-21 04:00:00+00:00,49.16,49.485,47.9,48.21,3098816.0,48.5801,31574
2022-04-22 04:00:00+00:00,48.01,48.01,46.83,46.87,4111890.0,47.1199,28585
2022-04-25 04:00:00+00:00,46.54,47.29,45.935,47.27,6537244.0,46.8494,38484
2022-04-26 04:00:00+00:00,46.98,47.68,46.47,46.51,4114559.0,46.8067,29883
2022-04-27 04:00:00+00:00,46.51,47.32,45.73,46.55,3404382.0,46.5605,37320
2022-04-28 04:00:00+00:00,47.13,48.43,46.855,48.12,2605049.0,47.7245,28971
2022-04-29 04:00:00+00:00,47.74,49.22,46.93,47.01,4124023.0,47.9822,34575
2022-05-02 04:00:00+00:00,46.76,47.54,46.4,47.5,3573327.0,46.9667,35025
2022-05-03 04:00:00+00:00,47.65,48.26,47.22,47.85,2943597.0,47.7999,33327
2022-05-04 04:00:00+00:00,48.17,49.04,47.23,48.81,4166639.0,48.3584,40036
2022-05-05 04:00:00+00:00,48.65,48.86,46.91,47.26,3265295.0,47.6028,36254
2022-05-06 04:00:00+00:00,46.75,46.93,45.36,45.58,5542918.0,45.8187,51965
2022-05-09 04:00:00+00:00,44.97,45.82,44.68,45.19,4320643.0,45.2231,41540
2022-05-10 04:00:00+00:00,46.05,46.25,44.73,45.5,5163114.0,45.4676,54452
2022-05-11 04:00:00+00:00,45.37,46.23,44.34,44.41,4552374.0,45.0315,39014
2022-05-12 04:00:00+00:00,44.17,44.9,43.165,43.74,5832856.0,43.7633,50122
2022-05-13 04:00:00+00:00,44.25,45.61,44.18,45.09,4100566.0,44.9767,37974
2022-05-16 04:00:00+00:00,44.81,45.34,44.46,45.03,5127731.0,45.0339,29229
2022-05-17 04:00:00+00:00,45.99,46.7255,45.46,46.61,4664788.0,46.3723,39647
2022-05-18 04:00:00+00:00,45.93,46.145,43.235,43.31,4560594.0,44.1967,41059
2022-05-19 04:00:00+00:00,42.51,42.55,40.88,41.1,7072875.0,41.4172,56848
2022-05-20 04:00:00+00:00,41.36,41.48,38.325,40.05,9450912.0,39.5197,80175
2022-05-23 04:00:00+00:00,40.27,41.54,40.27,41.22,8960992.0,41.0554,63294
2022-05-24 04:00:00+00:00,40.76,41.45,39.9,40.88,6600560.0,40.5898,45445
2022-05-25 04:00:00+00:00,40.94,43.675,40.88,43.3,6045438.0,42.9056,48279
2022-05-26 04:00:00+00:00,42.39,44.36,42.0,43.93,6899943.0,44.0184,63152
2022-05-27 04:00:00+00:00,50.39,52.6,48.45,49.58,15887427.0,49.77,120365
2022-05-31 04:00:00+00:00,49.43,50.46,48.37,49.94,13254187.0,49.7842,67828
2022-06-01 04:00:00+00:00,50.26,51.54,49.9,50.67,5584453.0,50.7558,53454
2022-06-02 04:00:00+00:00,50.0,51.34,49.93,51.28,3750023.0,50.8368,41289
2022-06-03 04:00:00+00:00,50.96,51.75,50.68,51.02,2722020.0,51.1919,35469
2022-06-06 04:00:00+00:00,51.1102,51.29,49.94,50.04,2722880.0,50.4777,38016
2022-06-07 04:00:00+00:00,49.76,51.26,49.37,51.15,2451883.0,50.8446,28757
2022-06-08 04:00:00+00:00,51.18,51.3,50.33,50.33,2511213.0,50.7009,27024
2022-06-09 04:00:00+00:00,50.2,51.4,50.0,50.35,3142981.0,50.6793,36590
2022-06-10 04:00:00+00:00,49.6,50.3,49.025,49.16,2548139.0,49.455,30059
2022-06-13 04:00:00+00:00,47.84,48.37,47.08,47.25,2612668.0,47.5347,27747
2022-06-14 04:00:00+00:00,47.6,47.93,47.015,47.35,2352425.0,47.4449,30709
2022-06-15 04:00:00+00:00,47.76,48.58,47.13,47.91,2515384.0,47.9948,28906
2022-06-16 04:00:00+00:00,46.89,47.09,45.4,45.89,2830846.0,45.9137,31066
2022-06-17 04:00:00+00:00,46.59,47.93,46.335,47.59,5094863.0,47.4094,44700
2022-06-21 04:00:00+00:00,48.83,49.45,48.33,49.23,5271453.0,49.1731,35337
2022-06-22 04:00:00+00:00,48.67,49.77,48.41,48.61,3736911.0,48.9254,37485
2022-06-23 04:00:00+00:00,48.62,49.57,48.32,49.04,3013985.0,49.0389,33342
2022-06-24 04:00:00+00:00,49.3,50.7,49.05,50.25,9204565.0,50.2486,32383
2022-06-27 04:00:00+00:00,50.36,50.47,49.91,50.24,3329814.0,50.2376,29639
2022-06-28 04:00:00+00:00,50.37,50.649,48.8827,48.94,3150280.0,49.5444,33762
2022-06-29 04:00:00+00:00,48.99,49.03,47.25,47.39,3346368.0,47.6438,30986
2022-06-30 04:00:00+00:00,46.66,47.29,45.9099,46.21,3977058.0,46.4243,35428
2022-07-01 04:00:00+00:00,45.8,46.44,42.4133,42.74,6384352.0,43.0511,81197
2022-07-05 04:00:00+00:00,42.01,43.21,41.57,43.14,3849786.0,42.6678,41617
2022-07-06 04:00:00+00:00,42.66,43.11,41.532,42.2,3685448.0,42.1259,33928
2022-07-07 04:00:00+00:00,42.71,43.47,42.64,42.94,2983497.0,43.0821,30361
2022-07-08 04:00:00+00:00,42.41,43.245,42.12,42.92,3314991.0,42.8895,30936
2022-07-11 04:00:00+00:00,42.4,43.04,42.31,42.48,2401096.0,42.6031,23462
2022-07-12 04:00:00+00:00,42.43,43.7,42.37,43.05,4518224.0,43.1264,35063
2022-07-13 04:00:00+00:00,42.5,43.58,42.41,43.14,3584694.0,43.1635,31506
2022-07-14 04:00:00+00:00,42.62,42.81,41.34,42.7,3574901.0,42.3633,33202
2022-07-15 04:00:00+00:00,43.06,43.47,42.63,43.46,2208756.0,43.2042,22920
2022-07-18 04:00:00+00:00,43.99,44.14,42.795,42.9,2182993.0,43.3941,21226
2022-07-19 04:00:00+00:00,43.01,44.14,43.01,44.04,2321489.0,43.9174,25064
2022-07-20 04:00:00+00:00,44.0,44.6999,43.47,44.17,2559019.0,44.1307,24731
2022-07-21 04:00:00+00:00,44.1,44.735,43.74,44.65,2177610.0,44.3652,23648
2022-07-22 04:00:00+00:00,44.28,44.6,43.195,43.34,3365352.0,43.6193,32900
2022-07-25 04:00:00+00:00,43.65,44.285,43.235,43.85,2262274.0,43.7078,23881
2022-07-26 04:00:00+00:00,43.85,44.13,43.28,43.43,2309291.0,43.5483,22925
2022-07-27 04:00:00+00:00,43.59,44.485,43.37,44.29,1889015.0,43.914,19339
2022-07-28 04:00:00+00:00,44.23,44.865,43.88,44.5,1625706.0,44.4494,17014
2022-07-29 04:00:00+00:00,44.51,45.09,44.02,45.06,2121352.0,44.6899,18166
2022-08-01 04:00:00+00:00,44.77,45.74,44.59,45.42,1807431.0,45.3299,19409
2022-08-02 04:00:00+00:00,45.0,45.24,44.12,44.26,2242209.0,44.4718,25309
2022-08-03 04:00:00+00:00,44.21,44.87,43.43,44.45,3057267.0,44.1714,29347
2022-08-04 04:00:00+00:00,44.49,44.49,43.55,44.2,3152146.0,44.0273,28285
2022-08-05 04:00:00+00:00,43.86,45.44,43.8,45.41,3221430.0,45.1224,32402
2022-08-08 04:00:00+00:00,45.635,46.44,45.2,45.45,2821441.0,45.6455,40546
2022-08-09 04:00:00+00:00,45.32,45.42,44.57,45.09,2767515.0,44.9798,32389
2022-08-10 04:00:00+00:00,46.0,47.24,45.89,47.23,1967260.0,46.9334,23176
2022-08-11 04:00:00+00:00,47.41,48.49,47.32,47.6,2342620.0,47.7619,25050
2022-08-12 04:00:00+00:00,47.9,48.29,47.65,48.22,1987275.0,48.0172,23821
2022-08-15 04:00:00+00:00,48.05,48.7,47.98,48.3,2258463.0,48.363,21185
2022-08-16 04:00:00+00:00,48.31,49.24,48.16,48.59,2257213.0,48.7159,26092
2022-08-17 04:00:00+00:00,48.28,48.28,47.175,47.83,2086928.0,47.729,26435
2022-08-18 04:00:00+00:00,48.46,49.035,47.81,48.94,2147355.0,48.6699,25127
2022-08-19 04:00:00+00:00,48.17,48.28,47.33,47.67,2123038.0,47.5948,24111
2022-08-22 04:00:00+00:00,46.98,47.22,46.55,46.84,2883205.0,46.8505,29832
2022-08-23 04:00:00+00:00,46.6,47.82,46.6,46.94,2737691.0,47.1126,27356
2022-08-24 04:00:00+00:00,46.81,47.23,46.19,46.62,1981411.0,46.7621,21440
2022-08-25 04:00:00+00:00,47.39,48.01,47.15,47.9,3798354.0,47.0997,36168
2022-08-26 04:00:00+00:00,45.86,45.86,41.18,41.43,12423831.0,42.8161,110458
2022-08-29 04:00:00+00:00,40.91,42.37,40.52,40.59,6315198.0,41.1419,59431
2022-08-30 04:00:00+00:00,40.835,41.335,39.69,39.69,4619685.0,40.0724,41513
2022-08-31 04:00:00+00:00,39.155,39.62,38.18,38.29,6819921.0,38.6837,45433
2022-09-01 04:00:00+00:00,37.93,38.03,37.095,37.65,4298399.0,37.5122,43733
2022-09-02 04:00:00+00:00,38.3,38.47,37.46,37.79,3422546.0,37.903,36462
2022-09-06 04:00:00+00:00,37.81,37.845,36.79,37.29,3994627.0,37.2423,44339
2022-09-07 04:00:00+00:00,37.17,38.149,36.735,37.98,3571537.0,37.6532,33547
2022-09-08 04:00:00+00:00,37.61,38.51,37.44,38.5,3894691.0,38.125,39776
2022-09-09 04:00:00+00:00,38.87,39.94,38.87,39.79,3104949.0,39.6087,40120
2022-09-12 04:00:00+00:00,40.0,40.7602,40.0,40.3,2611648.0,40.3613,28640
2022-09-13 04:00:00+00:00,39.27,39.5,38.14,38.3,3918873.0,38.7301,37753
2022-09-14 04:00:00+00:00,38.47,38.65,37.8,38.13,3267796.0,38.1236,30793
2022-09-15 04:00:00+00:00,37.82,38.12,37.29,37.65,3472014.0,37.6762,33497
2022-09-16 04:00:00+00:00,37.2,38.125,36.93,37.96,5918452.0,37.73,32640
2022-09-19 04:00:00+00:00,37.38,37.985,37.17,37.82,2780439.0,37.679,23664
2022-09-20 04:00:00+00:00,37.39,37.47,36.72,36.95,2601783.0,37.0171,25737
2022-09-21 04:00:00+00:00,37.18,37.81,36.755,36.78,2533292.0,37.2109,28692
2022-09-22 04:00:00+00:00,36.55,36.88,36.2,36.28,2568503.0,36.4381,23461
2022-09-23 04:00:00+00:00,35.66,36.16,34.8,35.52,2881442.0,35.3569,27525
2022-09-26 04:00:00+00:00,35.07,35.66,34.6347,34.7,3611495.0,35.0461,30060
2022-09-27 04:00:00+00:00,35.31,35.68,34.55,34.72,3306660.0,34.9328,31584
2022-09-28 04:00:00+00:00,34.51,35.395,34.51,35.29,2908424.0,35.0402,26668
2022-09-29 04:00:00+00:00,34.68,34.93,33.805,34.19,4703523.0,34.193,37066
2022-09-30 04:00:00+00:00,34.33,34.96,34.09,34.17,3041538.0,34.4873,28615
2022-10-03 04:00:00+00:00,34.52,36.135,34.2,35.88,4119719.0,35.5617,37522
2022-10-04 04:00:00+00:00,36.58,37.49,36.52,37.46,2670362.0,37.1969,30158
2022-10-05 04:00:00+00:00,36.95,38.12,36.76,37.86,2512436.0,37.5769,28676
2022-10-06 04:00:00+00:00,37.91,38.315,37.375,37.48,2757720.0,37.7077,27330
2022-10-07 04:00:00+00:00,36.05,36.49,34.54,34.6,5614999.0,35.1618,43571
2022-10-10 04:00:00+00:00,34.91,35.04,33.69,34.48,3266594.0,34.2484,32080
2022-10-11 04:00:00+00:00,34.4,34.74,33.735,33.87,3086175.0,34.1757,31258
2022-10-12 04:00:00+00:00,33.76,34.12,33.58,33.77,2873300.0,33.897,26281
